Country,R2,shift,C1_School closing,C1_Flag,C2_Workplace closing,C2_Flag,C3_Cancel public events,C3_Flag,C4_Restrictions on gatherings,C4_Flag,C5_Close public transport,C5_Flag,C6_Stay at home requirements,C6_Flag,C7_Restrictions on internal movement,C7_Flag,C8_International travel controls,E1_Income support,E1_Flag,E2_Debt/contract relief,H1_Public information campaigns,H1_Flag,H2_Testing policy,H3_Contact tracing,H5_Investment in vaccines,H6_Facial Coverings,H6_Flag,H7_Vaccination policy,H7_Flag,H8_Protection of elderly people,H8_Flag,V1_Vaccine Prioritisation (summary),V2A_Vaccine Availability (summary),V2B_Vaccine age eligibility/availability age floor (general population summary),V2C_Vaccine age eligibility/availability age floor (at risk summary),V2D_Medically/ clinically vulnerable (Non-elderly),V2E_Education,V2F_Frontline workers  (non healthcare),V2G_Frontline workers  (healthcare),V3_Vaccine Financial Support (summary)
Austria,0.9573,0,0.0011589164121595576,-0.007405419278392711,-0.005103521480072036,-0.0015091146019720377,-0.00754836743536745,-0.0019592168836579833,-0.0031175552037576624,-0.0010707104030320564,-0.0009756058518568333,0.001204913507881635,-0.0007334780353681794,-0.007475422376903215,-0.005578759231694023,0.0,0.0,-0.010211414775766037,-0.002259934782402274,0.005210134482966536,0.1469981034182175,-0.005559008193725627,-0.0013658666263683117,-0.0035830460382866554,-0.0009749949261652581,-0.0021437571426281272,-0.0005779441469660781,-0.0001835988753335844,-6.667843152757355e-05,-0.008891021981412903,0.06716150721408239,0.05760317042043456,0.0,0.04885870046473011,0.0,0.0,0.0,0.0,0.0,0.0
Cyprus,0.9076,1,0.0010029796904351288,-0.00025642108397256437,0.0017823806810737975,0.0032418953424230013,-0.0006453902673913181,0.0009231465118494892,-0.00011633225211784832,0.0001833811377611395,-0.0010280759242976786,0.0,0.0,0.0,0.0,0.0,0.10666952122971177,0.0,0.009926898512526771,0.0074765964895832345,0.034781989028749086,-0.000875875466362211,-0.0008314316220096673,-0.00543970993264294,-0.000274852011575106,0.0,0.0007846363638327414,6.219680513381399e-05,0.0,0.006753124404301496,0.007573184558060948,0.030817408387896747,0.003097055655683606,0.03898995277631493,0.0,0.0,0.0,0.0,0.0,0.0
Nigeria,0.9607,2,0.0,0.0,0.0,0.0,-0.005727505513690387,0.006355096333565635,-0.00390322612465955,-3.4703703302037054e-05,0.0,0.0,0.0,0.0,0.0,0.001177664246432735,0.0,0.0,0.0,0.0,0.0,-0.0011067198409372328,0.0,0.0,0.0,0.0,0.0,0.0010295777697848564,-0.0008586558098471801,0.0,0.0,0.0,0.0,0.0,0.0,0.0,0.0,0.0,0.0,0.0
Romania,0.9846,2,0.0014389899002239925,0.0012450120166089761,0.00045359621114380005,0.0012933787074288167,-0.0027101809087461764,-0.0018689256798810042,-0.0027547439293497283,0.003829784336338876,0.0022536994083605837,0.0012465369477973757,0.0005841635436479113,0.0013950796934192428,0.0005593155972214685,0.0034197747759170125,0.012509762671411373,0.0,0.0,0.1801331319296883,0.13720872784114116,-0.00590308477334361,-0.0027654742011899098,0.00036227695501769494,-0.002788407182711168,-0.004116801653702531,0.003876710981818126,-0.001098500338896027,-0.0025873548218236396,0.0,0.0,0.003929079095587742,0.055998465504800525,0.006713704750597269,0.009561228177832861,0.0,0.0,0.0,0.0,0.0
Colombia,0.9823,17,-2.2945943282244054e-05,0.0006270753939851053,-2.540691169509628e-05,-3.421982678827341e-05,0.001505920129405927,7.19661113235695e-05,0.0035319776127856113,-0.0005214514597253146,0.00261074943422445,0.0002297251111698287,0.0028789006373749707,0.005489077763368003,0.0072857381955117135,0.0004473356733445706,-0.0003323256672946326,0.0,0.0,-0.0007908395402397324,0.0,0.0011367806952302998,-0.0003414467573278474,0.013421665263486543,0.0018827417824838419,0.001311004548105193,-0.0013104256916488988,-0.0008612131037099038,-0.001040763653554223,-0.0011992274202081736,-0.0007185119094676011,-0.00023722521457535312,0.0,-0.0011758390822426044,0.000781358922682916,0.0,0.002460224947028965,0.0001561772788733891,0.0007268669819157322,0.0
Argentina,0.9629,19,0.00015629021291399783,0.0005254907509865505,0.0001276489710241886,-2.217151226825487e-06,3.1931297486378206e-05,-7.2238698850219165e-06,0.0007910676977060299,2.346765219001122e-05,-0.0004502991544482764,0.0003839017665024745,-0.0006075679869802098,0.0006255675984759183,0.0005984067384520437,0.0019384547748460311,0.0002456562849137735,0.00029011278998249243,0.0,0.0,0.02971625635159576,-0.00021871766095755914,-0.0006058301012599848,-0.007308862625873002,0.0,-0.0018892481896492892,0.0003824115234300481,0.0008568312019195136,5.039284259406769e-06,0.0019590176118178424,0.0002010186322558736,0.00031542486519753435,0.0,0.0017456395764099593,-8.95450799736039e-06,0.0,0.00301109030807547,0.0010847238284601422,0.0,0.0
Burkina Faso,0.7119,19,-0.004878844001365105,-9.118535204270799e-05,1.970674580617648e-06,-0.0009750373407638409,0.0024261463969029126,0.0010676248534693174,-0.00014445919562925986,0.0026554858470954836,0.0,0.004997206571421067,8.359901621834127e-07,-0.0005236243559259336,0.0,0.0,2.5014073320444044e-05,0.0,0.0,0.0,0.0,0.0,-0.0019181885900464548,0.00017470940656516665,-0.0012915363567433545,0.0,-0.004883332952925362,-3.551620394347727e-05,0.0,0.00515500666336482,0.0,0.0,0.0,0.0,0.0,0.0,0.0,0.0,0.0,0.0
Guatemala,0.9150,3,-0.014420985760558561,0.0015819530910925776,8.089961776597619e-05,2.806417335747916e-06,-0.0001746985759568486,0.0,0.0,-0.00022233864104333317,0.00010258710610008144,-0.00013571546211254575,0.042662352568669196,0.0,0.0,0.0002841672103642086,0.0,-0.0023133177612978135,0.0,-0.0029824774991566456,-5.917020569580484e-05,0.0,-0.0209088808291667,0.0020748791026777126,-0.00018287559766616627,0.0,2.6863399784055064e-07,2.4463114067456675e-05,0.0,1.2568999463633724e-05,0.0,0.0,0.0012444446368657916,0.0,0.0,0.0003295609042114277,0.0,0.0,0.0,0.0
Israel,0.9485,0,0.001955441135430979,0.0006429639818769865,0.0012049910301994166,9.721249632442475e-05,0.0005982504895461106,0.0019858236658075183,0.015544812693955454,0.0011652413783103017,0.0021282410377608915,0.001363451510161354,0.0007823186724093852,-0.010101840987095387,-1.569114657374796e-05,0.0,0.0,-0.0025450776345984586,0.0001606510897402324,-0.0025366026928032586,0.09966343184682096,0.005028857787756258,-0.0029471475696361328,-0.0016374566546167283,0.00014284762745204302,-0.001125434617781493,-0.0020936619406468245,-0.0014199163024678663,0.0,0.003467261820000118,-0.001333407491459523,0.1305772378177728,-0.0005663390165970422,0.055252169990375084,0.003336631268895939,0.0,0.0,0.0,0.0,0.0
Luxembourg,0.7923,12,0.0014721902703335758,0.0016437119033848124,0.0009747348018363187,0.0018087042461868766,0.0035506056137178887,0.00034947458097025813,0.0011945454103294032,-0.000570250859064881,0.0,0.0,0.0019012929713969002,0.0,0.0,0.0007578509751201121,0.00023266330369639326,0.002016043096473319,5.5506772761939474e-05,0.003954168380288358,0.0020342589640944125,-0.002191994458700724,0.0,-0.0011209674698145005,0.00035164602169445434,0.0,8.20014228736393e-06,0.00031836546169363973,0.0004907463896557147,0.005709151302826074,0.020564505924992527,-0.00042224575728857177,0.0,0.0,0.0,0.0,0.0,0.0,0.0,0.0
Spain,0.9536,14,-0.002043706094478649,-0.0026638000548683057,-0.004659522829837961,-0.0039766977367190065,-0.0018250226198732015,0.0007821096108974045,6.30983866164835e-06,0.0001771562193203052,-7.38400938807567e-05,-0.00010656365406049174,-0.002867308782618833,-0.0024620424786699715,-0.0033335876096703965,0.000310168467425206,0.010693400778235808,-0.028986366882250814,0.0,-0.00013326266294327188,-6.893419187516941e-05,0.002419422892507473,-0.0003888053279151163,-0.0004613114725066591,1.3044013361879817e-05,-0.00024187511811069013,0.00011846537854697352,0.0,0.08484231498361376,1.93361253411183e-05,0.022027058223059826,0.0003031367027227929,0.0,-0.00010876630725811416,0.0,0.0,0.0,0.0,0.0,0.0
Myanmar,0.9508,3,-0.0005016468650088689,0.0007712499474737994,0.0061061989995261495,-0.0007549894477187807,0.0038825296460212938,0.0042653110304033785,0.02119493925408601,-0.0011012587253475974,0.0001301390532109191,-0.009748625148160122,-0.007925106603952625,-0.0011829117338188833,0.0,-0.0003465686276303012,-0.002288003695292938,-0.0004750814910186197,0.0007311000069017382,-0.003967497505145271,-0.0012355988839399248,0.00028243780639156053,2.461331258883983e-05,0.00023311924815928712,-0.0008671149099314236,-0.00024192240391718094,0.0,-0.00030001884350385556,0.004324980925891475,-0.0001033445477893572,-0.00018407093619647304,0.003154651867564908,0.007978754549976765,0.0,0.0,0.0011196234485277277,0.001195786833278078,0.0049747812936521574,8.766004566869057e-05,0.0
Ghana,0.9613,9,7.3508238240341e-05,-0.0004939928691161005,-0.00011379454609759346,0.003938686929685706,-0.015957044293073486,0.0,-1.897658701100775e-05,0.0,-0.0016736301467736967,0.0,0.0,-0.00010756231173598781,0.0006422936896811165,7.334196650293323e-06,5.696795961507532e-05,0.0,2.6384943782210912e-06,0.0002722597354705423,-0.03667773416973777,3.998531006947547e-05,0.0,0.0012245686334843263,0.0,0.0,0.0,0.016821964382997052,0.0,0.0026607200251118884,0.0,0.0,0.0,0.0,0.0,0.0,0.0,0.0,0.0,0.0
Mozambique,0.8347,18,-8.847941865277047e-05,-0.000589905209146688,0.0,0.0,0.0,0.00022732141096982198,-0.002202174395146083,0.00043172060997705353,-0.0006618990126080364,0.00022894754976321657,0.0,0.0,0.0,0.0,0.0,-1.905860321928842e-05,-0.000611837384513098,0.0,0.011517168659420748,-0.0028135915582875753,0.0017711995420286012,0.002279547572581224,-0.004317186031021084,-0.003409955066616955,-0.0005138293295464574,-0.00042868643059218057,-0.0011763239495565527,-0.00029471447050612637,0.0,0.0013463365308934668,-5.943875597825272e-05,0.0035220713856065275,0.0034286765187817336,0.0,0.0,0.0,0.0,0.0
Rwanda,0.7972,6,-1.6014264526899208e-05,3.056814158340571e-05,0.0029884148339664515,0.0,-0.018025942648114784,-0.0002995297977141216,8.971770971050354e-05,0.00027461887428185483,-0.0002709833207410524,0.0001424786489106004,0.0003909698830730734,0.0,0.0,0.02762481952876884,0.0,-0.0032873265345339502,2.6291483363505627e-05,0.02018128258864986,0.00018583179572980859,0.0007471253019741973,0.0,0.017795542997350557,0.0,0.0,0.01198482954979136,0.0,0.0,0.0,6.829216118828e-07,0.0,0.0,0.0,0.0,0.0,0.0,0.0,0.0,0.0
Liechtenstein,0.6003,0,6.487723171459415e-05,0.00043024751111209186,0.0006214961085268245,7.956832129293371e-05,0.0,-0.004333810994260347,0.0004602796134485011,-0.004507141562402485,-0.00125230347546285,-0.0006620037812609637,-0.0006504140144456625,-0.0012429338194209817,-0.0005948707123094269,-0.0014712438045638642,0.0,0.0004003557016729872,-2.1371870724121967e-05,-0.0007449229521802204,0.0,0.0031562917823163635,0.0,4.934591022234835e-05,0.002320449541230696,0.0,0.0005222785233927781,0.0016433659236510497,0.0002818463421570074,0.00036852827605260847,0.0006156297218769442,0.0,0.0,0.0,0.0,0.0,0.0,0.0,0.0,0.0
Yemen,0.8749,7,0.01856134412444573,-0.0006507644254735348,-0.006835579463489496,0.0,0.0,0.0,0.0,0.009789773146879755,-0.011407838352389194,-0.004697265819219577,-0.001537359152869243,-4.215201918383705e-05,0.0,0.0,0.0,0.0,0.0,-0.003924129353552777,0.014786523975558071,-0.0010229260041459318,0.006346044551202873,0.0,0.0,0.0,0.0,-0.000636236050368692,6.630431676429084e-05,0.03529836522985903,0.003405122481151843,0.0003312123509435005,0.0019278101931141335,0.016153341941143252,-0.0009603475800411454,1.659248365723526e-05,0.0,0.0,0.0,0.0
Djibouti,0.4266,17,-0.002468592114881765,0.0,0.0,0.0,-0.002328852785515941,-0.001466438331042029,-0.0009261142494976368,0.0,0.0,0.0,0.0,-1.8646154426021708e-06,0.005465162283013138,0.0,0.0,0.0,0.0006813571527977291,0.00011031964214695148,0.0,0.001219414065869825,0.00029234231521218,-0.002047571042194867,0.0005599231261455358,0.011167988454544015,0.0004807163632793941,0.00033012167818046844,0.0,0.0,0.0,0.0,0.0,0.0,0.0,0.0,0.0,0.0,0.0,0.0
Somalia,0.8417,7,0.0,0.006393922269050837,0.0,-0.0051465467021574555,0.0,0.0006872189383748561,0.0006119805892788386,0.0,0.0,0.0,0.0,0.0,0.0,0.0,0.0,-0.010612463181813204,0.0,0.0,0.0,-0.003362853081404707,0.0,0.0,0.0,0.0,0.0,0.0,0.0,0.013906488905495281,0.0,0.0,0.0,0.0,0.0,0.0,0.0,0.0,0.0,0.0
Honduras,0.8458,0,0.00016646325632115703,0.0,0.0,-0.00511416803465041,-0.00887001404665531,0.019194453137923298,0.009673608863891644,-0.007249068151614561,0.0,0.0,7.274733691658732e-06,0.0,6.527323743755139e-05,-0.00019772153703484263,0.0008070142458352765,-0.0009201003337378855,-0.0032603722739653986,0.002941377632881061,-0.0036326830401944422,-0.0011115464134593234,-0.0006616253801653282,0.0005983818058648582,-0.002215667693236708,-0.004097579319596076,0.0,0.010287089185060093,0.0,0.0005780305544073,-0.00037961722179648185,-0.00014082231541015286,0.0,0.046327171712540416,-0.0006401069111951087,0.059420069765091545,-0.0026601873556711753,-0.001045598141222296,0.0,0.0
Andorra,0.8798,3,0.0,0.0,0.004250180235440594,0.0,0.0,0.0,0.0,0.004256299224414941,0.0,-0.01039900686848255,0.0,0.0,0.0,0.0,0.0,0.0,0.0,0.0,0.0,0.0,0.0,0.0,0.0,0.0,0.0,0.0,0.010894550854269856,0.0,0.0,0.0,0.002001011009792787,0.0,0.0,0.0,0.0,0.0,0.0,0.0
Bosnia and Herzegovina,0.9489,0,0.0,0.0,0.0,0.0,-0.001167945410995786,0.0,-0.0014965584246189815,0.0006077522347380787,0.03573915025234862,-3.163188111654356e-05,0.0010601875434629046,6.702787337242571e-05,0.0010387364437441174,0.00011054021339817769,-3.7370686725399005e-06,-0.03469250746051276,0.04644986424487559,0.0,0.0,3.7353495468083214e-05,0.0026611611653474623,-9.034039686338847e-05,-9.448206836155438e-05,0.0,8.254941625053438e-05,-7.019162024331297e-05,0.0,-1.281650649933973e-05,0.0,0.0,-2.4041324874195612e-05,0.0,0.23902592180210686,-0.013518152070870168,0.0,0.0,0.0,0.0
Paraguay,0.8829,19,5.1068910842385e-05,3.5082626858615507e-06,-0.002178117637619969,0.0015060014860432613,0.0062950701788380276,4.7535782008048836e-05,0.0,0.00100699341935484,0.0019948841390576926,-0.0021466994546554346,0.0,-0.0009198922316278444,-0.0034120627894374447,-0.0005377819053036617,0.0005855069369215796,-0.0007209094269122586,0.0004242650078473481,-0.002028796475730525,0.0009176432062416516,-0.0013669355984148694,0.0,0.0025233183416973315,-0.00019242407749199057,0.0,0.0,0.0002918386964276338,0.0059137395329650596,0.0,0.0,0.018635688627173668,-1.8825909723433256e-06,0.0011809501087317023,-0.0017381683289480398,0.0,0.0,0.0,0.0,0.0
Senegal,0.9702,2,-0.0002582678422559376,0.0009317224911052263,0.0021585140701590507,0.0031863501141655053,0.009842223981396265,0.00019749945858530622,0.0012691943994050953,0.0009948082734422736,-0.00017499484311047172,0.014043556451118483,0.006514390136952834,0.010041242163798881,0.0013287231711778,-0.0008261811182566277,-0.000857701186822192,-0.0032624448332881258,0.0033229519545552,-0.00014331853585308483,0.0,0.005552154502561125,0.0006394382585635973,7.596726310945143e-05,0.0033927914650465976,0.13065872899138162,0.0,0.024730138208940065,0.0101499007773172,0.0,0.0,0.0,0.0,0.0,0.0,0.0,0.0,0.0,0.0,0.0
Italy,0.9137,19,0.00038632699278016107,0.0002701100991022079,0.0001237011162179394,0.0,0.0,-0.0002455010673643973,0.0,-0.000483322306840232,0.0,0.0,0.0,-0.0002787037842253088,-0.18843423410913726,0.0,0.0,0.0,0.0,0.8543042545294136,0.0,0.0,0.0021365883208270663,0.0,0.0,0.008153886277831878,-0.0003786750459278354,0.0,0.0,0.0,0.0,6.35062489608834e-05,0.0,0.0,0.0,0.0,0.0,0.0,0.0,0.0
Kiribati,0.9171,2,0.014364658663228952,0.013022354583700583,0.0037987381399090772,0.0007276285785500006,0.011384145646658128,0.00033413464275782167,0.0,0.0,0.0,0.0,0.0,0.0,0.012383030914096963,0.0,0.0,0.0,0.0,-0.0391973023283311,-0.00836204958604178,0.03253959884969702,0.4397466369084833,0.058469705151914124,0.01823476613491656,-0.058691827217360285,-0.06971660249814801,0.0,0.0,0.0,0.0,0.0,0.0,0.0,0.0,0.0,0.0,0.0,0.0,0.0
Azerbaijan,0.9740,0,0.0008539638232487464,-0.0003268880018606791,0.00038551626515452147,-0.00016879606501716318,0.0008530531988414141,6.454614490030286e-06,-0.0012217809408425736,-0.00048259036208925585,0.0032501823138913833,0.004540050351337185,0.0005295672050964728,0.0012737691003703528,0.00749508896809028,0.0026968608708672435,0.004826134451400027,7.32463895128429e-06,0.0,-0.0023704497918101506,-0.0039221241314399,-0.0011443227711892476,-0.0012091059959169256,-0.0009347806154992682,-0.001959605167074062,-0.005356284234358417,0.0005680723152790372,0.00016579132295770093,8.491850481538925e-07,2.8132863124094726e-05,3.0375096638982115e-05,0.00013906625426376342,-0.002859220748689277,-0.0003763788833577215,0.0,0.0,0.0,0.0,0.0,0.0
Uruguay,0.8761,2,-0.0015028907630764159,-6.571232328969887e-05,-6.401947157663837e-06,-0.0003542571973180389,4.4184511634681686e-05,0.00014929217120353963,0.00010668032009132026,0.0005294952006717026,0.0005763213792812848,0.0005979368191643908,1.929814330564308e-05,-8.889935386193218e-05,0.0,0.0004260467271917805,-7.090357011906991e-05,0.0,7.262704124146225e-05,0.004823287895808809,0.0020105482555085657,-0.0035383118398619796,0.00023881344649552536,0.004154270036733228,-0.0025076594158598177,8.72976512025179e-06,-0.00015309141768399097,-4.0015751692205153e-05,0.0,0.0008173142401574712,0.0007799023852846569,0.00015937198168315035,0.0011784657090336565,0.0,0.0016000580095705446,0.0006545932091823648,0.0,0.0,0.0,0.0
Cote d'Ivoire,0.9674,10,0.0003444357637400361,-0.000627092459009848,0.0,0.0014338751418706316,0.0,0.0,-0.001159534512422611,0.0,-0.002301520196820649,-0.010008049560004919,0.005020888646154433,0.0001883540216457901,4.611432712384464e-05,-0.0007069142988614226,-4.660151814645966e-06,6.422689052344191e-05,0.0,4.980907435517672e-05,0.0019661328576151323,-0.0009611755268546501,0.00022461321367654513,0.0009397957085905647,9.131180208579456e-05,-0.004270273805456169,2.8032222442617432e-05,0.0,0.0,0.0,0.0,-0.001970785097672248,0.0,-0.000919200045448307,0.0,0.0,0.0,0.0,0.0,0.0
Bahrain,0.9473,18,0.0001339755545474615,-7.901258242609717e-05,1.2315662698537037e-05,0.0011896328673022933,0.0005944230298460695,-1.4444815239132223e-05,-0.005366180329284957,0.0006384031742649172,0.0,0.0,0.0,0.0,-0.0028801848753586975,-0.002961888140315338,0.00026871992224480684,0.0041224909216145775,-0.0009034546571672483,0.0077186402218629,0.0,0.00044664209969940994,0.0004641637146836137,0.00035351122808635366,8.126751400366895e-05,0.03174719072124258,0.0006320541469267628,0.0001377265730024521,-0.003483842160813174,0.0,0.0,0.0,0.0,0.0,0.0,0.0,0.0,0.0,0.0,0.0
Bolivia,0.9775,6,0.0052870929725854126,0.0,0.0,0.0,0.0,0.0,0.0,-0.00027079466251730847,0.0,0.0,-0.0021668195064859833,0.0,0.0017013111596846096,0.0021018474482670897,0.0,0.0,0.0,0.0,0.0,-0.03649605048109139,0.0,0.0,0.0,-0.007668222570525445,0.0,0.0,0.0,0.0,0.0,0.0,0.0,0.0,0.0,0.0,0.0,0.0,0.0,0.0
Norway,0.9238,14,0.001516884356514485,0.0007263857557681553,0.00019470056270504016,0.0005354749862460439,0.00026513835421495885,0.002139544574997333,0.0010484581769425467,0.001165101769207748,0.000805447890677804,0.00154155694065694,0.0,0.0,0.0,0.00032249268981518166,1.823808856650112e-05,-0.0007895586010546842,0.001088529463264929,0.0019550287595956413,0.00207149373146613,3.60293308926008e-05,5.848154956241153e-05,-0.0011422302042844558,-0.00018304193513866198,2.0663507904490277e-05,-0.0003655135183569925,-0.00017758270248393525,0.0006337115679447506,0.0,0.0002623086242918103,0.0,0.0011145435708166977,0.0,0.0,0.0,0.0,0.0,0.0,0.0
Fiji,0.9034,7,-0.005960349838304939,0.0,0.0,0.0,-0.000453863896639748,0.006686389541395675,0.011664539279354279,0.0,0.0,0.0,0.0,0.0,0.006994984183444341,0.0,-0.021631672816047633,0.0,0.0,0.0,-0.0024621710765432995,-0.014378347357675849,0.0,0.0,0.0,0.0,-0.0010689986165708836,0.0,0.0,0.0,0.0,-0.008159919678921582,0.0,0.0,0.0,0.0,0.0,0.0,0.0,0.0
Georgia,0.9687,16,0.0005452916466986964,0.0005672668502130612,0.0002592755845276209,0.0002873594145078846,0.00021177662373613175,-0.0012008326745985938,0.0011456050898662035,0.001198921424127555,0.0031880101042607613,0.0012289960265827438,-2.956173879781523e-05,0.0003911188516810156,-0.004093962567214469,0.0004069876189373222,-0.0012698675187076463,0.0,-0.0019375658329080774,-0.003957712387648624,0.0006695316352254625,-0.010677478352559663,-0.0029313795388164372,-0.0020170418689306946,-0.00024548754170149146,-0.005282062596280437,0.0,0.004523759799279209,0.001306341479556137,0.0,0.0,0.011810623170554254,0.0015622360352021602,-0.0008096818142419825,0.0,0.0,0.0,0.0,0.0,0.0
Taiwan,0.8325,17,-0.0007183985335310034,0.0017001892219316776,-0.00024810578881239885,0.0021375186057062184,0.00028325693501172507,0.0008393663558907427,0.03727166239322976,-0.0028259114736571317,-0.008657225173614372,0.0,0.003404029179765882,0.0,0.003833342549805293,0.0,0.010021882251029889,0.0024378871397465877,0.0024638875034196073,-0.0032155889747500087,-0.00573499725882773,0.0006822589673345772,-0.0036488302249031066,-0.01098732762736994,0.0,0.0028172978943622707,0.00026036241947365854,-0.00015599125104597483,-1.6040237570784997e-05,0.019614065816823758,-8.308904174134481e-05,0.0015079903710294024,0.001151591386413002,0.002428427977022565,-0.003741949178237426,0.0,0.0,0.0,0.0,0.0
Central African Republic,0.8707,19,-0.00019023157595871506,-0.004093525533680358,-0.0002588254242434463,-0.0015565905748322372,0.0,0.0,-0.001395335710846447,0.012501228365885178,-0.006441468273792188,0.000907026581384568,0.0020976408918491492,-5.9790585419999426e-05,-0.0001194878272561313,-0.004372504148906217,0.004805186102128277,0.0,-0.006608786979624439,-0.0002974656542089884,0.0,0.0,-4.162589902105708e-05,0.0,0.0,0.0015707529675156196,0.0003592846208238432,0.0007787309484627236,0.0020318434031441433,0.00021163811562077318,-0.00035608015996147467,0.01011032316073376,0.0015076464653441606,0.0,0.0,0.0,0.0,0.0,0.0,0.0
Madagascar,0.9120,18,-0.0005251782670697273,0.00011298014184371702,0.00014157288818745527,5.6306793605005455e-05,0.00017710233953818842,0.00025326081038541106,0.0004702548472813204,-0.0009030749786605699,-0.0006018023264062405,0.00040866402746664646,8.60561788226389e-06,-1.9872662032298504e-05,0.00018819368663221817,7.311471690850316e-05,-0.001574530253973768,-3.822082976517383e-05,0.0,0.00024697313159227223,-0.0063167072360338266,0.0003736238391881806,0.000532272541619848,-0.004228953745020248,-0.0010789983514378396,-0.00025991438945257705,-0.0004595395074645389,-7.742394103913288e-05,-3.2050572237241776e-05,-0.00026522037115332583,0.0,0.0019140550607793236,0.0,-0.0003717438028235853,0.0007842954333474408,0.00012154488928847043,0.0,0.0,0.0,0.0
Sri Lanka,0.5763,4,-0.0031687866466916068,-0.00029533623066578134,-0.0017243127532689364,-0.001940715238254588,-5.7099505660607445e-05,-0.0005385347929172591,-0.0003758290439896454,6.106532740980533e-05,-0.0002758851874482003,-0.0019096431350379664,-0.0063651709613364825,0.00016992371056708498,-0.0007155056801150908,0.008354581253732502,0.0,0.0,0.0009029903650329793,0.0,0.046855530397318955,0.0,0.02603541816222358,0.0021188759774310173,-0.004868702532880127,-0.001941069665700645,-0.00023636936047315068,-0.0004847273512663952,0.002075300302814072,-0.0016194181561314223,-2.0410390198895933e-05,0.0,0.0553383283277876,0.0,0.003046075648764335,-0.0010375682430211171,0.0,0.0,0.0,0.0
Liberia,0.8264,5,0.00039020043455935123,0.0,-0.008517742627298566,0.0,-0.006491509571654603,-0.0018352763724638422,0.006464084090098018,-0.0010888306957144778,0.005950907731259088,-0.0013388597420446564,0.0,0.0,-8.827013982995188e-05,0.0,-0.0007033840619506596,-0.0002287896915035431,0.009734353455898964,0.01176851742934804,0.0013854221315180864,-0.0004232276422641465,-0.00018166249908202324,9.381041684693385e-05,-0.0028093776936987157,0.00450664989471696,0.07130449437898358,-0.00025828769821466664,3.157497322757021e-05,0.0,0.0,0.0,0.0,0.0,0.0,0.0,0.0,0.0,0.0,0.0
Eritrea,0.4145,0,0.07828914425321894,0.0,0.0,0.0,0.0,0.0,0.0,0.0,0.0,0.0,0.0,0.0,0.0,0.0,0.0,0.0,0.0,0.0,0.0,0.0,0.0,0.0,0.0,0.0,0.0,0.12989741709757746,0.0,0.0,0.0,0.0,0.0,0.46130116482932754,0.0,0.0,0.0,0.0,0.0,0.0
Suriname,0.9443,4,8.625467740971245e-05,-0.0010704230435417401,-0.0007779767681323902,-0.003834352681046811,0.0012946744216943418,-0.00032054275903872683,0.0009714225797939221,0.004267413269580031,0.0007019736626492879,-0.0007166349352624957,-0.0030503184461906853,0.0,0.001836267477531158,-0.00038614233518338427,-0.00024453537580829165,-0.0003175787717552785,0.0008355803729318014,-0.0013149974398091176,-0.0002765214977102413,4.215325440799915e-05,0.0,4.246968920331202e-06,-0.0001781218858972276,0.00688888491738973,0.0015519657388357564,0.006266661719991045,9.145368510956221e-05,-2.181380367797028e-05,0.01565381399444379,-0.00032761706956634595,8.796166531840976e-05,-0.0003852261044613604,0.0,0.0,0.0,0.0,0.0,0.0
Slovenia,0.8818,5,0.001064913501462834,0.00018829903473824967,-0.0006317425830253631,-0.0001232026750784901,0.0014045741917709158,0.0001394643928826262,0.0010648190347611166,-1.551376671621e-05,-1.619561370795586e-05,9.065449058366061e-06,-0.0028630000946963017,0.001984853976076424,-0.0033725904646949964,0.0,0.0018877676417432105,0.0003362692329734363,0.001431435774047285,-0.0013173720587201466,1.4280664369433498e-05,-0.01145202036192029,-0.00028028755480871036,0.0,1.3086370905608852e-05,0.002836888421005406,0.0,-0.001483626543684211,-0.002211916676570964,-4.2385967539742335e-06,0.0001252348836822581,0.0,0.0,-0.00012377302917887398,0.00019622366900789466,0.0,0.0,0.0,0.0,0.0
Moldova,0.9569,12,0.000482219559149736,0.0011425064651106257,0.0003523610893749539,0.0006594313741490747,0.0006134383808017052,-0.0007047861821609792,0.001104691012189722,0.005606872351474439,0.004471442551708511,0.0026772265428328963,0.0014980258961025947,0.0033587241713222754,0.0019976597887191787,0.0011131648573050206,0.0,-0.001748552846564212,-0.0004393448160071589,-0.0012243770373711524,0.04838757361556002,-0.00040675806027365576,0.005336753679212288,0.001254879598853838,-0.0014567351935893592,0.001760656690330528,0.0,0.05938103998447772,0.018067538037956077,0.0,0.0013587932605969191,0.04864825637230157,3.496073019325539e-05,0.0,0.0,0.0,0.0,0.0,0.0,0.0
Faeroe Islands,0.8523,8,8.639109374295693e-05,-7.771059652974647e-05,0.00010792708915880455,0.001084787275111602,0.002634839817186185,-0.0001163809853397884,0.0008270581623766339,0.0007222065335243702,0.0,1.734046008444323e-05,2.2391359791417696e-06,8.396707093242438e-05,0.001298049727392741,0.001005664092648895,0.0014626554383532504,0.0015284621717424408,0.0,0.0003880113351234021,-0.00045999951125903586,0.0007140490179242755,-2.773180560731357e-06,-0.00043651104338659976,-0.0001869178549769864,0.006079844600703582,0.0003462423989088934,0.007012362679452037,0.0006432296863634929,0.0014544939013407835,0.0,0.0,0.0,0.0,0.0,0.0,0.0,0.0,0.0,0.0
Togo,0.8339,2,0.002213319633388481,0.0007736437239892872,0.0012094909758805915,4.45295745058378e-05,-9.388382759107572e-05,-0.00011553393300789418,-2.3567539633502563e-05,0.0007571661503867173,0.0014297804764673,0.0007153521080803966,0.0011675751860323194,0.0001498330878704908,0.002973700225615358,0.00010972170949941281,-0.0010798905620665218,-0.002522714929802672,0.0024878995882157686,0.0,-0.0062860440509091365,-0.002532741283020399,-0.0014373488326081282,1.4536515512545598e-05,-6.33548057380442e-07,-0.002585227345350631,-0.0005124379845075033,-0.00024356734352834976,0.0004835538996219346,0.0,-0.0005162872196867333,-1.0022166908172082e-07,-0.00018507033367475828,-7.125976079988032e-05,-0.0003221235105773479,0.0,0.0,0.0,0.0,0.0
Jamaica,0.9338,6,7.896611384702387e-05,0.000777047535460294,0.0001256558638431839,0.0,0.0006738550468523645,4.1535283030478856e-05,-0.00041964973554107387,0.000339553645960442,0.00019811036032154255,4.111884926939817e-05,-0.0008752199777362911,0.0031068342019350617,0.0,-0.00394941632213082,-0.004280414204572785,-0.0001424208751856053,-8.679901738074964e-05,-0.0013916958593423762,-0.00207001448973751,0.0007838829094812577,-0.0010591245430082847,-0.0007795870923380601,0.0007681380589949858,-0.0033771991907093264,0.0,-2.309161681019036e-05,-0.0022054729442118875,0.006154784816569784,0.001007441852622468,0.0,0.0064074420123567035,0.0,0.01202238346372162,0.00018679841728924253,0.0,0.0002739184110001387,0.0,0.0
San Marino,0.8980,3,0.0,0.0028852186966966597,-0.0002513549365766823,0.00048462606439141873,0.0006927997252104157,0.0004744239092039841,-0.005670899480908162,0.0,0.0,0.0,0.0,-0.003374096476881209,0.0,0.0,8.985710427141059e-05,0.001674992786955775,-0.00046464108852629715,0.0014945543005416386,0.002007127824184224,3.953314166346232e-05,0.0015538726197576477,0.0010128476370411777,-0.00015316019710272325,0.0,0.00023049555851123064,0.03574356018630295,9.362370317719457e-05,0.0018113252143931982,0.0001284021995565937,0.0004546671781932596,0.003918365639619601,1.5512857203862698e-05,2.2924345495211568e-05,0.0008340612401842256,-9.307976504842005e-05,0.0,0.0,0.0
Malaysia,0.8482,0,-0.0015851047842645322,-0.002354882272331586,-7.569045931073569e-05,0.0008784155572749757,0.0004838494678916825,-0.0012491844131724964,-0.001229885697599934,5.083009520134257e-05,9.540702947090547e-05,0.0008200473431431223,-0.0015302494138618279,-0.003387188930809447,-0.0009457744123606567,0.00043287382238199964,0.0005344565364728502,-0.00038901967581455216,0.0,0.01571010076166022,-0.001029808658198936,-0.0018638762185572534,-0.0027172774637482956,0.0017222768494127147,-0.00023173777923457396,-0.0012653497081023626,-0.0007165985643187364,-0.0002361699330266333,0.04419520015313746,0.04210444420772246,0.034464072050189795,0.009127737033491732,-0.00023835272867475923,0.0,0.0,0.0,0.0,0.0,0.0,0.0
Japan,0.9338,5,-0.00045961947079246673,0.0012094564852784817,0.00022625856866251444,0.0003041500305997765,0.0004487110610639148,-0.0003608373140520611,-5.474447604655254e-06,0.0,-0.003973449038751263,3.006490137253774e-05,-0.0010228614254575456,-0.0031297402948111297,0.0008775571484781849,-0.0003481273741907495,0.0,0.0007271394620148783,-9.329731755599152e-05,0.0013789861550394975,-0.0004193600116339391,0.00021573789008538455,0.0001094995829752169,-5.990329949301475e-05,0.0,-0.00036563523742239485,0.0,-3.131885258490107e-06,0.01035236369424211,0.0007086189636155002,0.020664122513389817,-0.002195653548280426,0.0,0.014680830474163924,0.0007945986518366456,0.0,-0.0002982690690090554,5.400501752014131e-05,0.0,0.0
Lesotho,0.8636,19,-0.014189602466847756,0.0,-0.0009978793802710275,0.0,0.0024646780802235323,-0.0016906511346453912,0.0,0.0,-0.007326231550387249,0.0,-0.0005541953437076907,0.0,-0.006934675385325596,0.0,0.002206446022191122,0.0006280233514726777,0.005461243789398065,-0.0033233160047869974,0.005485359744085695,0.0,0.004861912785397809,-0.000679913605652428,0.0014908556135216277,-0.005387312102397487,-5.1241166299839974e-05,0.0,-0.00014302506833192057,-0.00013220304024252978,0.0001516665830589762,-0.00011764678185165622,-8.764682220815019e-05,5.5050039854832945e-05,0.0,0.0,0.0,0.0,0.0,0.0
Croatia,0.9452,8,-0.0021596486617913276,-0.0014323478285173416,-0.001278033377654828,-0.0005694683908887746,-0.001558930843798068,-6.557087730671704e-06,-5.605697376822785e-05,0.0014612568231531717,0.001107096643294084,0.0017424173433658804,0.00018758974821529197,-0.00019339897839758933,0.004229204529092728,0.002684132329846177,0.0,0.0005378567768149191,-0.0001240398583947676,0.0,0.014485860111575849,-0.0005428152317779898,-0.0006804377205900802,0.003322203303398909,0.00013021324245726676,-0.0028128693182645974,0.00023452754927692367,-0.0005580365466222849,0.0019632048918886533,-0.0026969347011661067,0.0030285314734716145,-0.00017445238008703603,0.010687372210739947,0.0,0.005221155293040228,-0.00016597683015467485,8.783363678173948e-05,0.0,0.0,0.0
Denmark,0.9239,19,0.00025535039516313876,0.0033223523331866412,0.0,0.0,0.0,0.0,0.0014782946442421807,0.0,0.0,0.0,-0.00027151412401109386,0.0005741262830313643,0.0,-0.002291901990802999,0.0026402348620829987,0.00024640635624195077,0.00011544950096259443,0.024300207907730697,0.0,0.0,0.0,0.0,0.0,0.0,0.0,0.0,0.0,0.0,0.0,0.0,0.0,0.0,0.0,0.0,0.0,0.0,0.0,0.0
Cambodia,0.8562,0,0.012073946016364748,-0.008115946896018045,-0.00266977077180814,0.011620452365121839,0.01005836934361039,-0.013396784116142755,-0.014692099581718765,0.0,0.0,-0.0003179738487728887,-6.072261793042006e-05,-0.0007938010629072289,-2.6733191870197112e-05,-0.014584573943732368,0.000606912669952589,0.0,0.1550108674131369,-0.01341296117440184,-0.008275790750703017,0.0,-0.002506010223982866,0.06288016884009626,0.002374579423792532,3.860350341290749e-06,0.00104828703405675,0.0005549278073211099,0.0022649760277279308,0.0008108303886447631,8.287262164958493e-05,0.00018135374642186722,0.0018217062358049426,-0.0003560464067831062,0.05366769973095745,0.0005857729683223803,0.00043158484461275863,0.0012356951154324477,0.0008810843658191568,0.0
Kazakhstan,0.9168,1,-0.002421819120156268,-0.002322006713566212,5.868235849531352e-05,0.00016490450339972908,-0.0029453286799010184,-0.0017788733105236765,0.0005862647426753739,-0.003360843713442036,0.00016405258805387418,0.00041931037681595533,-0.0005891532393119465,-0.009965238712934317,-0.0017331709095780037,0.0027733093385152994,0.0,0.0,0.0004103079115238332,0.0052812315373950095,0.0,0.0035893049630319,0.0014959984102172492,0.01425496826729628,-0.0023272225968571157,-0.0011179143765596411,0.00011810471785563859,-0.0001632575059413389,-2.8036345942438636e-05,-0.0007693403880385273,0.0345540954541571,0.0006226338476709966,0.00037661528875612606,-0.00012276170390125308,0.0,0.0,0.0,0.0,0.0,0.0
Seychelles,0.6653,17,0.00012494603242781615,0.0003121377425193508,0.0008058494463143684,0.0007543033007602889,-0.00015167022934787987,0.0007193054801502217,-0.00041944516326086246,0.0002513198108974831,-4.51006899174814e-05,0.00014291113785000134,4.7727404866308284e-05,-0.002971825112896556,0.00010419238903234184,0.0,-0.0006805861260071,0.0,-0.004489168173419507,-0.002668806072644079,-0.0005492253434797711,0.0008250660916854433,1.9004699016685114e-05,-0.0008485891794437717,2.6406596656896498e-05,0.0,0.00018754990689503272,0.00024827987092179764,-0.00031862893670629093,-7.117672754114336e-05,0.0,-9.643489934516532e-05,0.014111837048697548,0.00047661907310741776,-0.00022818797212703398,-5.9758720988828095e-05,1.5619285509448844e-05,0.00015248803109518404,0.0,0.0
Sudan,0.9490,12,0.0,-0.003222658231543683,0.0,0.0,0.0,0.0,0.0,-0.002659483676338701,-0.0016957354198547097,0.0,-0.005756664757312537,0.0,-0.002586576870103046,0.008870506312513009,-0.008839532588446322,0.0,0.0,0.0,0.004828537039519423,0.0,0.0,0.007311781858721655,0.0,0.0,0.0,0.0,0.0,0.0,0.0,0.0,0.0,0.0,0.0,0.0,0.0,0.0,0.0,0.0
Libya,0.7626,0,0.0,0.031975464582973095,0.0,0.0,0.0,0.0,0.011752726128480733,0.0013354973454205556,0.0,-0.004422649221001287,0.0,0.0,0.0,0.0,0.0,0.0,0.011345102262897698,0.0033492403156211784,-0.01401313187051151,0.0020677019825039926,0.0,0.0,0.0,0.0,0.0,0.0,0.0,0.0,0.0,0.10715460822237945,0.0,0.0,0.0,0.0,0.0,0.0,0.0,0.0
Czech Republic,0.9687,0,-0.0038890375739306024,-0.0034171768030388954,-0.007738003442595455,-0.00279381580866537,-0.0020856714880973346,-0.0025593172918063154,-2.6578887127594633e-05,0.0004111724404643493,-0.0008592311034755224,-0.0009697436921087586,-0.0022874653047315952,-0.015751698557469825,-0.004768133512617837,-0.011783242678251196,0.0,0.0,-0.014378133554192908,0.0,0.30722370279724714,-0.012387486966378779,-0.0028538293096182377,0.06291251098047719,0.000893708983006517,-0.001657418923425029,-0.0001931734329300133,-0.0003060667210581379,-0.0007515521844866075,0.0,-9.393356041481464e-05,1.4125288393682403e-05,-0.0015628975874403012,-0.00028340051404471294,-0.0003596106406345231,0.02029072541920832,-3.287919486111665e-05,0.0005160898759312584,0.0,0.0
Slovak Republic,0.9463,19,0.004668340637546183,0.0007912593411070589,9.964358207899105e-05,-0.00040986424532641865,-4.455173456046209e-06,-0.0006692954884063605,8.950749045630022e-05,0.00322083664410998,0.000849274465307448,-0.0009643025897749826,0.0,-0.00033048285693604247,0.0,0.0006978824129195673,-9.394421334258597e-06,-0.005389221694042584,-0.0001695351628870447,-0.0023548245775852363,0.0092918962196471,-0.0028773676671463595,0.0016609294442778558,0.006789314123370507,0.0,5.2898606543904255e-05,0.005360331056436871,0.0013553265307291356,0.01075720428496138,-0.0001802394236601082,0.0,-0.0008206720834820757,0.002106141150582804,0.0,0.0,0.0,0.0,0.0,0.0,0.0
Nepal,0.8400,0,0.0013782621147450662,-0.0009136853007898761,-4.742905890434999e-05,0.0006809347120661031,0.00203610308464632,0.005076810199506426,0.0035308385502428002,-0.0014648963968010088,-0.0016997497089432613,0.0027796343386559275,-0.0005696997571686404,-0.00275793236834056,0.0014709559642991418,0.004501435383001576,-0.005051304151286083,0.0012353885096604636,-0.01539007798614934,0.0,0.014077299610859562,0.0001215071217753612,0.0,0.06363370730517001,-0.004018512104447679,0.00034408376832168044,-0.000627558131683436,-0.001034240780893413,-0.00038683130638665305,-0.00023300756403252254,-0.0003451365607413293,-0.00021467034099649767,0.0,0.0,0.008015804826418628,-0.006060745499361671,-4.963506482432822e-05,0.0033157764900401173,0.0,0.0
Oman,0.9681,13,-0.0008364125383825083,-6.355165529711174e-05,3.2290179418664236e-05,-0.00017780876752393094,-0.0008720278327203199,-0.0005649643164876943,0.0008061253760126421,0.000563366295815243,0.0002358618390752358,0.0003082796920060093,0.0010161011655741336,0.0011801171467937552,0.000808236784808997,0.007167276969552846,0.004042696545059801,0.0,0.0026481640151908687,-0.004675635663123306,0.0019020109402189118,0.0006440879552523998,-0.0007386022449236914,-0.0021556194237079543,-0.00023124063549290574,-0.0024751906428167663,0.0010989078397800759,8.842004414368522e-05,-0.0005699617760526655,0.0,0.001010726429675756,-0.001076374335183968,-0.00012093578351385714,0.0,0.0,0.0,0.0,0.0,0.0,0.0
Timor-Leste,0.9385,19,0.002564550605915479,-0.00011550356863835882,-2.420843815375536e-05,0.00022042856585566975,0.00046975580200723214,0.0007003877515837098,0.00028227706605755374,-3.492760662209219e-06,-5.8999689245217834e-05,0.0007297229780366812,-6.861989857442245e-05,0.0017449939251132276,0.0020610229726028,-0.00041648812182297067,0.0005536129350985796,-0.0014327845737857785,0.0,-0.004235793038798975,-0.005672061569533145,0.0,0.002438595327402418,0.0049582383947144185,-0.0007634853776458918,-0.00041901369931121796,-9.7848452122731e-05,0.00011566704862250858,-0.0013574520114675334,-0.0002654583307218091,0.0,0.0039150795597973995,-0.0002716835593848105,-9.600332712938658e-05,0.00030930758596607724,-0.000519974930009064,-0.0012971116926440342,0.0,0.0,0.0
Macao,0.7031,10,0.00012891323752421837,8.643537939586475e-05,0.0,0.0,0.0,0.0014331004887848044,-0.0004532345004869833,0.0,0.0,0.0,0.0005018674660172809,-8.196675063555225e-05,0.0002310169222476928,-1.1383768637003444e-05,-6.626144771435049e-06,0.0,0.0,-0.00034279709693016815,-3.8438128948323916e-05,0.0,0.0,-4.96330330318218e-05,0.0003484322537731693,0.0,-1.4156104511438349e-05,0.00017915976173903353,-5.9376627362331215e-05,0.0,0.0,0.0,0.0,0.0,0.0,0.0,0.0,0.0,0.0,0.0
Albania,0.9611,12,0.0,0.0,-0.0010774919740302157,0.0,-0.00011086011649983878,0.0005245761271148332,0.0,0.0016471213250084113,-8.57865338576077e-05,0.0,0.001699883834086754,-0.0014516181903414228,0.0,-0.0019537733825453246,-3.823285421978791e-06,-0.0008199347601640419,0.0,-0.004596331583618237,-0.0011641288285697102,-0.011444451106050534,-0.001867980816010181,-0.0002614655697901074,-4.969417033847359e-06,0.015225772136675813,0.00010241583012701831,0.0,1.3654624499913474e-05,0.000179765159691729,-7.135335360384926e-05,-0.0002709774095353746,0.00015988142599586227,-0.00018647261887071813,0.0003740333805520537,0.0,0.0,0.0,0.0,0.0
Vietnam,0.8711,13,-0.0017648898023327187,0.0015739827214382635,-1.2408167588436613e-05,0.0006462158102140224,0.00010925266178085388,-0.00206787921594168,-0.00012384807853649894,0.00020187914631818554,0.0002197776782135069,-0.00022164402787795524,-0.00011073320702976116,0.0006231175304256878,0.0007900820430552214,3.860041478702734e-05,0.0003259825436647091,-0.000665707950043996,-0.003947564231871173,0.0038752369626020742,-8.716571959551976e-05,-2.862137863006522e-05,0.0005499489985531339,0.0008864577330455361,0.0003546928107547173,0.0006213394561910762,-0.004260079455113972,-0.0012299720364152467,0.0,0.0064945456162503095,1.0277330021992116e-05,0.0013200885462827663,-0.0008004601402131064,-0.00016934980423415695,0.0,0.0,0.0,0.0,0.0,0.0
Philippines,0.7884,11,-0.013032816357126751,0.0005103330058197273,3.3641368448649857e-06,6.882281633143093e-05,-0.005887579459651167,0.024951693692005096,2.2649858598044668e-05,-0.0005621566387748401,-0.00158423527881169,3.754046935487e-05,-0.01354841786759575,0.0007878482533845261,0.022261807522923158,0.0005461146309040777,-1.1047434078934507e-05,0.0002511332403090594,0.0,0.008115028417171103,0.0,-5.5137628309607566e-05,0.0,6.539633584899209e-05,-0.0003101529813472336,3.2650019442150633e-06,-0.00010688822080505337,0.0006300186585849993,-0.027989852864123747,5.072505490218405e-05,0.0,0.008258550720087887,0.0,0.0,-1.1078814279225183e-05,0.0,0.0,0.0,0.0,0.0
Gambia,0.8804,14,-0.004927853713902387,0.007646934988713562,-0.0007531231196298888,0.010141138008657898,-0.0005607610610110867,-0.012880322811229252,0.0,6.325445043327842e-05,0.0,0.00036783639338816234,0.003295184520411926,0.0009507551064310804,-2.3677792878997108e-05,-2.264743968192921e-05,0.0,-0.033173259043643724,0.0008849986577282245,-0.0019468227230780108,0.003302587026186575,0.00012914597677233906,-0.00035646860576495277,2.1845073095042774e-06,0.0022354108840206997,0.0,0.0005279055205506122,-0.005368611190223091,0.0059622175568135455,0.0,0.0,0.0,0.0,0.0,0.0,0.0,0.0,0.0,0.0,0.0
Kuwait,0.9771,5,0.0002334566179290384,5.2216097899591235e-05,2.6234526376971036e-05,0.00012113689933369787,-0.0004175450856119452,0.00023258627878214913,-0.002172221192130291,0.0002746240406419437,0.0022902218366239405,0.0008506724341533078,0.0015702494961381222,0.0004975172620268559,9.735052799941288e-05,0.0008710231843245697,0.0,0.0,-0.0023756435811067332,-0.00029511569308067085,0.0,0.0015920241291161785,0.0026862687572828717,0.005462982100645279,-6.27256922279148e-06,0.0016968105771136947,-0.0003396137586214239,0.00044388783705202753,-0.001011797983937393,-0.002034584759016882,0.00014084256621914543,-1.5897039127295107e-05,0.0,-8.122092061533594e-05,0.026709033485180635,0.019588045233309728,7.008976923846622e-05,0.0,0.0,0.0
Uzbekistan,0.9684,19,3.4556305544900773e-06,0.00011427800761545203,0.00014507819804345098,-0.00016954864755172952,-1.2780827254107882e-05,0.0002998392406022744,-0.00031632221054673734,0.00018859479301651917,0.0005198088247404188,0.0028787943700985625,0.00265777003038594,0.00010087745201991285,0.000459564084202951,-0.0008276891140671976,-0.0009920363323317894,0.0,0.0,0.0008538309211346778,-0.0031929362349743112,-0.0006896850421268286,0.005425637416709131,-0.00035405913522532306,-9.70110165926235e-05,0.001161442179036614,-3.915594405444554e-06,-8.245045263332877e-05,-0.00019374131425849465,-0.00011989075249557527,-0.00013662709644883322,0.0,-0.00010026771464183529,-7.59889617523505e-05,-9.449744624889244e-06,0.0,0.0,0.0,0.0,0.0
Peru,0.9686,0,-0.0012049271396169423,-0.0023590912597019837,0.0010862641886675761,0.0,0.0010736536024490413,0.0032849743218479953,-0.00955169119143336,0.010550112680724507,0.0006645634585069442,0.0008579697729495466,-0.0008896208638291113,0.014762201325965339,0.00943153673033861,0.0,0.0,-0.006160650847124322,0.0,0.24990650332443626,0.21815202994200653,-0.003031828729531343,0.00792492692849924,-0.0023015512432952444,-0.0005088609651166024,-0.00436535166028074,-0.0013518841139133543,0.0,-0.0008060135254060669,-0.0009754643821219112,0.0,0.0004543607289474511,-0.0021114353919759006,-1.7874348389966187e-05,0.0,0.0044416297163397175,0.0,0.0,0.0,0.0
Belarus,0.9279,12,0.00907652908549409,0.0,0.0,0.0,0.0,0.0019305679413231043,0.0012530275860447141,0.0,0.04218385850597426,-0.006737880267686303,-0.0019887876808585823,0.009214248399743703,0.0073153302550375,-0.005166863523381442,-0.002193144603463652,0.0,0.003924213582275648,0.010153347567272904,0.01721744229593504,0.020944879645195955,0.07567188253365417,-0.009520381070394674,0.0074067716057596485,-0.00015978929314519228,-0.00020548537971399775,-0.00110847475033639,0.0,0.0,0.0,0.0,0.0,0.0,0.0,0.0,0.0,0.0,0.0,0.0
Jordan,0.8810,2,0.002432216651397441,0.0013179708101265526,0.003254322568787381,0.00010939094548152416,0.0007377521178107683,-0.0007054306461990747,0.005308187052563521,0.00985149413217469,0.0024380777951353116,0.0013358653664233787,0.0052756143324108225,0.0017104615906667446,0.0015704366428478233,0.0,0.005359348970016047,0.0007347900099489636,0.001491780883236554,0.002695682247568586,-0.009101821790308657,-4.521576984962315e-05,-0.006086707153266686,0.0,0.0011173633943636543,0.0061338569781676875,-0.0007502058791076839,0.0027825290151998437,0.01476856139821569,0.004938592336502578,-0.0009107129799066787,0.0008491095298476112,0.001571379407179384,-0.0007848433100060023,-0.003028791840886804,0.0,0.0,0.0,0.0,0.0
Tajikistan,0.8741,19,-0.00029890152106008415,2.3513164109916523e-05,4.095265722376613e-07,0.00028169237287693674,-8.244915951758027e-05,0.0007569925046475747,0.001229913767159243,9.16372253432204e-05,-0.00022209143816096573,-0.0008126964194196762,0.0,7.428177103883716e-05,-0.0004932581884104179,0.0,-0.0005558710119344297,0.0,0.0,0.00016708765189135829,0.00027991002212088745,0.00012953261360094302,0.0017111561529320144,0.00111393286943035,-0.000818429584292675,0.0,0.00016118748149537008,0.0,0.001813655504354722,0.0,0.00015482671922467222,0.00013613126639300897,-7.260315477851479e-06,0.0,0.0,0.0,0.0,0.0,0.0,0.0
Benin,0.7836,19,0.0004480848031259881,0.002045333727815907,4.197886638237683e-05,0.0,-0.0004193073007170947,0.0006233931922400352,-0.005893128616279286,0.0005976981413764861,-0.0004414327759579684,0.0004382925128056064,0.0008089088556190846,-0.0028752759134970975,-0.004182772425943698,0.004690550446150098,0.0,0.0,0.0,0.010112415069200836,0.002872753672993318,-6.24104718699398e-05,-0.0004827351905537991,-0.00019286684513158449,0.0002748332298881552,0.00458889947958239,-0.0006839505341022535,0.006527078364161782,-0.00200735804243542,0.0,0.0002135503717478772,-0.0006173849696906013,-0.00012139394407205276,0.0,0.0,0.0,0.0,0.0,0.0,0.0
Morocco,0.9687,0,-0.00020769053956595275,0.0007825830568346095,-0.0019150312160071403,0.00015591424042836054,-0.003444287903232145,-0.0006037265334407359,-0.0019484112948082843,-0.0013431315327814169,-0.0009377047880883844,0.0010182763071127628,0.0014276832729487737,0.0014008362992899827,0.009129948612000373,4.683103763469618e-05,-0.0004192165922464078,0.0,0.013984940393848894,-0.004645284435340955,-0.0032973344039735767,0.0003800038915133005,-0.004192856778836628,0.007542033285347043,-0.0007799909544602995,-0.005145139040757733,0.0,0.11710360592174428,-0.0015099080117646501,0.018876588809063958,0.00011378683134636973,0.1122576993292841,0.00024850590257734565,0.12562478613795391,0.006778265256005527,0.0,0.0,0.0,0.0,0.0
Iceland,0.9470,16,-0.0005900576705077414,-0.000187636462313644,0.0012184450627377148,0.00014841206357426475,0.0005540130056542818,0.0,0.0,0.0,0.0,0.003893309678159374,0.01617293478686647,0.0,0.0,-0.0012172558755251862,-0.0019771567737280893,0.0,0.00017073955625059102,-4.921011439055902e-05,0.0007584188088117397,3.3452209085251355e-05,-4.326923915765951e-05,0.0042172415953551775,4.4753275378327275e-05,0.00043840350647807825,0.0006083574363999524,0.0,0.005929847109746565,0.005288634803493047,0.0,0.011327518378763847,0.03949086107489617,-0.00034634484088102513,0.00014581260771546147,0.000747121548810987,0.0,0.0,0.0,0.0
Congo,0.8734,0,0.0,0.0,0.0,0.0,0.0,0.005304774664785785,0.0,0.0,0.0,0.0,0.0,0.017020608669106183,0.123779529637271,0.0,0.0,0.0,0.0,0.0,0.0,-0.004835588457420349,0.0,0.0,0.0,0.0,0.0,0.0,0.33451069437044323,0.0,0.0,0.0,0.0,0.0,0.0,0.0,0.0,0.0,0.0,0.0
Serbia,0.9071,0,-0.0004270132137203514,-0.0020380417875825126,0.0002730763865901149,0.0027677556526393165,0.004306133414411532,0.020094848932912607,8.502385291459243e-05,0.0023365262184723823,0.0021801277908613027,-0.0021492967458580084,0.016908122505973323,-0.007936728849560624,0.0,0.0,-0.00010989293690033879,0.0,-0.004710784941637789,0.00927230197701436,0.01103574501381257,-0.0007568657053033028,-0.0005745644271508814,0.005783368842179719,-0.0028144346094409944,-0.0018961536364938887,0.0002321633120273942,0.0,0.00119043576959569,0.001036828585607135,3.126844358595783e-05,0.0008055785268231365,0.12834759452549094,-2.5809069599397876e-05,0.004725821417297513,0.004700606472643345,0.0,0.0,0.0,0.0
Saudi Arabia,0.9880,16,0.0,0.0,0.0,0.0,0.0,0.0,0.0,0.0,0.0,0.0,0.0,0.0,0.0,0.007170710897429465,0.04249402849010267,0.0,0.0,0.0,0.0,0.0,0.0,0.0,0.0,0.0,0.0,-0.01585727744765559,0.0,0.0,0.0,0.0,0.0,0.0,0.0,0.0,0.0,0.0,0.0,0.0
Qatar,0.9561,19,-0.00011022636705958349,0.000282776806257295,-0.0002866640270916117,-0.00016899752258768533,-0.0001319532446669183,-0.000313506294615535,0.00022839916428980136,0.0005345261488160824,-0.0010527943509101132,9.372681087772951e-05,0.0,-0.0002492882525758352,0.0,0.002973643318714376,-0.0016139152067858283,0.00204532946722886,-0.00044624859825335175,-0.0005486003344327893,-0.0011283417847699577,-0.0004668602598758889,-0.001007651226295687,0.0022290301969470085,0.0,-0.0009290058378869909,0.003188314423376503,0.00291809400088028,0.0019066840364035237,0.008521358861232037,0.03247690696294645,-0.0005479723380628563,0.027279893402981224,0.03357787269432592,-0.0005884921674742402,0.0,0.0,0.0,0.0,0.0
South Korea,0.9019,18,-0.00037277255727296004,0.0010800444191310544,0.002408729212440906,-0.001577663708441542,-0.0023452989118347154,-0.0038441322941449026,-0.004190164111701141,0.0,0.0,0.0015712911694760042,-4.608126902971973e-05,-2.3517300836588048e-05,0.0005474345588143049,-0.005260770016958149,0.01670548174267791,0.0,0.000637424667409676,-0.0016999920161664503,-0.0016996889868128066,0.003705391191299046,-0.0015423654001137837,-0.0034838638005477035,-0.0006600601224994322,-0.001885944617706754,-0.00030251791508441897,-0.00010247807304038108,0.0,0.028258729942141313,0.2937762243441522,0.007994477687719959,-9.045044995037305e-05,0.015487387156732554,0.0,0.0,0.0,0.0,0.0,0.0
Russia,0.9728,19,0.00016590442644335128,0.0020370789075764813,0.0015032499719100864,-0.0005468106819519522,-0.001385928562522204,-0.000263437580251086,-0.000163588167707042,0.0010793903898556627,0.0014346757522492217,-0.0005607452652322434,-0.0008192648052447823,-0.0009333627565992653,0.0014702960369427508,0.006771756372886163,0.000839131071958387,0.0005068190164201621,-0.0027558612000398055,-0.0020264624833321258,0.0,0.003468825739424364,0.015122518709583605,-0.00025187110554497817,-0.00014224619605883196,-0.0014207149603700031,0.00021464627941654698,0.00016349882244302342,-0.00026606564003734876,-0.0011687742725225148,0.00010000953337829053,-0.0006958676378617629,-2.472061138848431e-05,-5.07937942901986e-05,-0.00018272550234083767,2.8748515523181452e-05,0.0,0.0,0.0,0.0
Sierra Leone,0.9652,2,0.0037165367942664654,-0.0003689806736904106,0.00034009752502543684,-0.001265106127931104,7.98184984973298e-06,-0.00044115227804459396,0.0007224926909340494,-0.011186584209928635,0.0,0.0,0.0,-0.00024293487316329423,0.0,-0.015932980162227387,0.00156530704542989,0.0005885056754750964,1.658646749532573e-05,0.004165446654668911,-0.000607778820520149,4.4060152666646315e-05,0.0,0.000622946217582364,-0.006341936704831251,0.0,-0.0007876514056049514,-7.81887235812525e-07,0.0,0.0,0.0,8.428074795572745e-05,0.0,0.0,0.0,0.0,0.0,0.0,0.0,0.0
Hungary,0.9544,0,-0.0012077370729137538,0.0031988111100114463,0.001790805233590288,-0.0002356475090454315,-0.0005292865181879963,0.0015771016876541888,0.006274799432421075,0.0008902481689157802,0.0041957189422488035,0.001112088690899691,0.001373531630133194,0.0008658034769856356,0.0025978183077915596,-0.004486722043741219,0.0,0.004636384725006934,-0.0032435280328506886,-0.00349996207389191,0.005541892852598038,-0.002770815462965727,-0.0031647586162263544,0.0005624402470203519,-0.0004832729494099869,0.00018645481554578522,-0.00011432772903602669,-0.0010806963516558801,0.0013647800811155714,0.0015436535874586098,0.0011780208338826625,0.001690420779206357,0.005298929792092377,-0.0017636638799861705,0.0019283119267054533,0.0009549551021924835,-0.0001800959823878879,-0.000339042849279557,0.0,0.0
Guinea,0.9531,12,0.00019751706879184158,9.525214547177203e-05,0.0010180320463199597,-0.00013605582736534995,-0.00039493652415793247,-0.00022010870186653576,0.000976918662777084,0.0008970983463842217,-0.00010475259267228982,0.0052190447220171726,0.00016369234627021867,0.004353637814410359,0.0,0.00010547810021060683,0.00014700499064330426,0.0,0.0035151136772983075,-0.0013620565904072777,3.2709403827720187e-05,0.00045961155870731556,-0.0006252806356012918,-0.0027029095447718616,-0.0002039044527423144,0.0001110250791730954,-0.0009434310031067966,0.0002709793274827462,0.0,0.01916692563122408,0.0004775379668018314,0.0062125890159915095,0.0,0.052762143655394896,-0.000330837536091253,7.215253296684807e-05,0.0004162230502247693,0.0,0.0,0.0
Dominica,0.8028,10,-0.0007356887593133309,0.00023001167950229763,0.0020257868984433947,-2.3985710227734642e-06,0.0002903923328108723,7.993906406656464e-05,0.0,0.0,0.0,0.0,0.0,0.0009326784748078335,0.0,0.0008842227712886641,-0.0015324771000398945,-9.819406039077614e-05,0.0,0.0013044780383034062,0.005247738196627857,0.0,0.0008782731905992388,3.885445432123087e-05,-2.628331480535105e-06,0.0007717968632873416,0.0,-0.0022935336637467715,0.0,0.0004345116477880185,0.0034300783974974894,-0.00028149266275580634,0.0,0.0,0.0,0.0,0.0,0.0,0.0,0.0
Turkey,0.8521,0,0.0,-0.00029825077847798575,0.0007147364920805703,-0.00014649329818629424,-0.002439718132934641,0.0014814811482115268,-0.01805423864690375,-0.007327971344979188,0.02431230229338367,-0.0033738914396285644,0.004128538958038713,-0.002503438925948539,0.031704814660880744,0.010205941971975323,0.01997404629308361,0.016840034510242595,0.0,0.0,0.04036070832912435,0.0,-0.013861829931325202,0.12493823415331558,-0.0052018275032178546,0.018918721755724732,0.04869767932259448,0.0008486661270963479,-0.005517112603651642,-0.00851498472489002,0.004669045319282435,0.00363945556685739,-8.415779854498335e-05,-0.002659646881418642,0.004315973625925762,0.0,0.0,0.0,0.0,0.0
Thailand,0.8736,5,-0.00015127524367369624,-0.0006774268825110099,-0.002321103391828693,-0.0006658897467308052,-0.00039178571556684673,-0.0009490185819079159,-0.0007272048564860973,0.0038776759886183323,-0.0018114405329149614,0.0005778347157392804,0.000389048144398822,-0.0008751371369757557,0.001208633651799025,-0.0010080927836968168,0.0018144298389350668,-0.00027788188698344915,-0.00015822214622038976,0.006386166713022279,0.007140880820358036,0.0,-0.00016205735927820624,-0.0031536824270059385,0.0004030803561225009,0.00044335296781353146,-0.0033637740779057556,-0.000499093844153115,0.0012612405788599338,0.0002304056419098601,0.0,-0.0004775781842104261,0.00264859432977051,1.4243947073496711e-05,1.0161007125937e-05,-0.0002265467520171309,0.0,0.0,0.0,0.0
Chile,0.9712,6,-0.0012019123630369192,0.0007401308949136617,-0.0021464156376626822,-0.00040317302214496305,-0.0003095709076697878,-0.001974237325966162,-0.0008519986493571636,0.0003437060443763986,0.0016355416833771796,-0.0011433420999382288,-0.001023088071441904,-0.0005447130413845763,0.008047426007915718,0.002628285540009122,0.0008008352805218664,0.00031076340993274387,-0.0026396370501832376,0.0,-0.0005899960999857232,-0.0024469292956427855,-0.0010239069107656857,-0.003239871941053462,-0.0015750218302753372,-0.0024562832028155266,0.0001451674455457678,-4.169232750160396e-05,-0.00023993551512668378,0.0,0.05752973410613765,0.04806316424046632,0.014515294905305152,-9.603322065887032e-05,0.0,0.0,0.0,0.0,0.0,0.0
Zimbabwe,0.7572,5,0.0016665285935547457,-0.00040756838352886456,8.412736814441079e-05,0.0,0.0002478753795962147,0.0,0.0004132042788352506,-0.008892875493424136,-0.0038048135609243822,0.0,-0.004504843011282795,-0.0012586170808550476,-0.002201365932333051,-0.0005119450889299191,0.003903170075937859,0.001968063328162478,-0.004608407014812773,0.0,0.0005724540081658793,-0.000283817063810159,0.0011192449952122107,-4.959862809578628e-05,0.0069426120584463276,-0.0014146531893580333,0.004902912875686246,0.00039192892005319736,9.49291854156023e-06,0.00244163300737821,0.003301337634730333,0.0,0.0,0.0,0.0,0.0,0.0,0.0,0.0,0.0
Bulgaria,0.9048,19,-0.0028573454869632807,-0.00010676383856809568,-8.031304161182846e-05,0.0002624313629449894,0.00016076049570715707,7.783445341189895e-06,-0.000278605639101747,3.071645477005323e-06,4.596506242350264e-06,0.00024246610051177001,8.313922679106653e-06,-9.840259824440159e-05,-0.0006066607331897893,0.0,0.0,0.0002583674910374651,-0.00014624072957397083,0.0,0.003556002711094662,8.277250364267296e-05,0.00021351810895162113,-0.0004300662153549607,-0.003689457808937216,-0.0025584319162020677,0.00011092761155622533,-0.00035597346667089923,0.0,4.010752084471052e-05,-2.5807505806481777e-05,-0.00036310391734211165,0.0009233593485674487,-2.747257179008965e-05,0.00039826375444807573,0.0,0.0,0.0,0.0,0.0
Bhutan,0.8137,17,-4.679940693960927e-06,4.625587402412372e-05,-0.00010717039953484314,0.00019644898308374435,-3.2956301669256814e-06,-0.00044053072234068825,-0.0003528644157183997,-0.00010513314544780388,-0.0003253771322866768,1.936467108208932e-05,-0.0001292160190697555,-0.0004931126345810655,-0.0004715657906225781,-0.0004297582110371094,7.898178457660362e-05,0.0007728112724613715,0.0,0.0,0.0012087359040192204,0.0,0.0,0.011693519136515396,-0.0013817324283186716,-0.00016800762082900495,0.0,0.0040299400989476436,0.0,0.002800596521452816,0.019268212856231613,0.0005084423870823215,0.0,0.0,0.0,0.0,0.0,0.0,0.0,0.0
Afghanistan,0.9634,16,0.0057481152548414394,0.0010724858323683353,-0.00011399008715543067,0.0005586149619126548,0.001170365739529135,0.0006248378278143807,0.0005909439820154887,0.0006876909040820939,0.0017121580878244477,0.0017955419680518413,-0.0005324324091102264,0.0,0.0,-0.0008224297848484037,0.00595510201541771,-0.011318467825576398,-0.0045701821740175225,-0.00027315880295222567,0.007206206820585549,0.001567470792715872,-0.0011706900262235097,0.0,0.0011045868941612128,0.002411613210655755,0.0009404572327278459,-0.0007848518684625444,0.0,0.03642886026766082,-0.002523110932321053,-0.0024275702950053873,0.0006264557973216418,0.0,0.0,0.0,0.0,0.0,0.0,0.0
France,0.7594,14,-0.001640102421367474,0.0005745732952431158,0.0006780906304289376,-0.0017115454752679397,-0.0016203165436662094,-0.0025260368241294103,-0.002465186489177577,3.339051607952682e-07,9.580018118068002e-05,0.00032304114370459395,-0.004219855677511788,-0.0016266185754039665,0.008997930331644722,0.0028047454813768164,0.00014368711138585205,-0.003047554864176828,0.0030392563204278047,0.0,-0.012214890300945568,-0.004665315235616142,-0.011753583697186447,-0.0029997070439506694,-0.0005740941007328673,0.0002679058627618948,-9.507231387863683e-05,-0.0001571209652393923,-0.0003214260000682366,-0.0002149828611825669,-1.163874439656593e-05,0.05227810731543679,0.03962330464849242,-0.008561191772961718,5.5773820632635145e-05,-0.014432439638799227,0.0799409841698083,-5.1545663477181644e-05,0.0010884355989037888,0.0
Iraq,0.8949,12,0.0002259620345047659,-0.0017726792307262535,-0.00709921462879773,0.0015716811329307464,0.0002864543377496653,0.00023228832766734815,-0.0001694579800077481,-0.00016728162314166023,0.005797411258122104,-0.008317292209187683,-1.4294803369177303e-05,0.0,-0.0040202653219689995,0.0,-0.0026133641447767995,-0.001970896146905501,-0.002579107996241383,-0.004429145604715982,0.004465725589759,-0.0009179426202562426,1.7454849749722863e-05,0.0015824897585856672,-0.0005142099552155208,0.016767470639377426,-1.2296618324465861e-05,0.0004827912634975948,0.0002448121937193245,0.0,0.0004777673362540632,-0.00026323937757865727,-3.945412115487399e-05,-9.38449677103047e-05,0.0,0.0,0.0,0.0,0.0,0.0
Laos,0.8237,7,-1.671459700443662e-05,0.00023775830665815587,0.0006163703324875073,0.0014852739370205686,0.0016606817313008077,0.0012898678502566224,0.00274684164610963,0.004749154795772896,-0.00021392951533866385,0.0006721819173567203,0.0006706527893989614,0.000582993683418887,0.0025262790812412635,6.481331220936332e-05,-0.00010639728478886476,2.941334828289736e-05,3.890587187396949e-05,-0.00040734384605763807,0.0,0.0003651820758674578,0.0,-0.0008369388295482261,-0.0003616520168836849,0.0009982551340183957,-6.192344684968255e-05,0.0007092320229641408,0.010404775130899943,0.00018681131527103362,0.0006420550477426648,0.00019829550714541857,0.002765710883090409,-0.00018060540837022983,0.001677918972395629,-0.010830579255466025,0.0004104474253156747,-0.0017831845569930118,0.0,0.0
Cape Verde,0.9561,19,3.8401420432691735e-06,1.1499142349113706e-05,-0.00029659098879449675,0.0,0.0009180147481033029,0.0004488255658385968,0.0022593257417946083,0.0019685544854373743,0.002237502201165866,-0.00044241208718804166,0.0004384514575478528,-1.2972989407322572e-05,-8.411499725762025e-05,-0.0001281286574592389,0.0,0.0,-0.0002836564494155177,0.005382273478718518,0.0,-1.9707097181176033e-05,-0.002861360964908258,-0.003701031919175587,0.0012678107490572636,-0.0014897975519397742,-0.0003446623101631935,0.0,0.0,-0.004835259518379176,0.0006101629437217983,0.000648747347938248,0.033743882032665796,-6.25387022597507e-05,0.0,0.0,0.0,0.0,0.0,0.0
Belize,0.7534,12,0.0024974923943506385,0.0,0.003892745535370105,0.0006564789563432733,0.002550353145262155,0.0009842212477456029,-0.0022983396241954114,-0.0010091292124257878,-0.004699646943343724,9.291161376659078e-05,0.0,0.0,0.005591248340999025,-0.00029381871950879326,0.0,0.0005732670446213217,-0.001176674935882979,3.358036291052685e-05,0.0,-0.002656570892120021,-0.0014741553456304962,-0.005209396060192802,-0.0043888490511354026,-0.0022387910033245,0.0,0.0,-0.0003477231900146653,-0.0006584748261392947,-0.0021206524895042104,-9.993123471936125e-05,-0.0005202180347031877,-0.0005892692183054267,0.0,0.0,0.0,0.0,0.0,0.0
Kosovo,0.8767,17,0.0,-0.0002949164505972888,0.0,0.0,0.002833349393901543,0.0,0.0005890316623709587,2.7883177673523643e-05,0.0016741736550407353,0.0005219982512100025,-0.0010353598818137438,0.014038058196070258,-0.00011946988355716255,0.005672620395020279,0.00023003648272103527,0.0,0.00500965271009353,-0.0028174658051010886,0.0005592330121382696,-0.0003159965566494059,-0.0013221680818720923,-0.002086537072822189,-0.0010131300706534188,-0.0022250639547781712,0.00033665618810475493,0.01056333411998382,0.0,0.0025359362554915974,0.002194427378869885,0.008606587311983193,0.0007182308669516438,0.0,0.0,0.0,0.0,0.0,0.0,0.0
Barbados,0.8753,6,-0.0005553732236965733,0.0,0.0007227963004297601,0.0005516462432044843,0.0017943859133867065,0.00015863101687104626,0.005002295562404329,0.0,5.4385056479672625e-05,0.0,0.0,1.8227563524841404e-05,0.0028492204755814483,-0.00019170294881659268,-0.0015007380336067259,-0.00165163347755115,-0.0018479602054884139,0.0,0.03676887798321097,3.349646041344786e-05,-0.0006861376666553034,-0.0006593782883614804,0.00024504229051859134,0.0,0.0011609862961964226,0.0,0.0013235698494353243,0.0031174988995623224,0.0,-0.00024504722494791037,-7.984085473497182e-06,0.0,0.0,0.0,0.0,0.0,0.0,0.0
Guam,0.7672,19,0.0,0.0040404980702947665,0.0,0.0,0.0034007678897750057,0.0,-0.0008795039790793568,-0.0003823299590730315,3.4864930881218886e-05,-0.0010494060602075207,-0.00033885091017526607,0.0,0.0,3.7001416140869336e-05,-2.456842185728388e-06,0.0,-0.0004196441223859349,-2.4267842400777735e-05,0.004191627834073131,-0.001831624260809649,-4.0189202081436346e-05,0.0027461425804956663,-0.00125624833198624,-0.0008435644835236507,-6.526640321757814e-06,-0.0008481433764490418,-0.0010640607499499736,6.30304669223333e-06,0.0004104809483767289,0.0,9.822148503425441e-05,-0.00010008885349744524,0.0,0.0,0.0,0.0,0.0,0.0
Solomon Islands,0.7092,17,0.0,0.1357998539267772,-0.025246253468058574,0.0,0.10838327015854794,-0.0005454822867363457,0.0,0.0,0.0,0.0,-0.0004073054935336393,0.0,0.0,0.0,0.0,0.0,0.0,0.0,0.0,0.0,0.0,0.0,-0.01240132936528875,0.0,0.0,0.0,0.0,0.0,0.0,0.0,0.0,0.0,0.0,0.0,0.0,0.0,0.0,0.0
Democratic Republic of Congo,0.8533,0,0.001219191038656643,0.0008475875231535394,0.003242279735117691,0.001326874695005715,0.0020412601172075558,0.0010588577062809535,0.0017582025844529185,-0.0012944013869580788,0.002533064149163276,0.0006521585746671237,0.002583692590555452,0.006199264211988614,0.007703470693930067,0.0,0.0,0.0,0.0013591375013141543,0.00027540821213256264,0.0018069564729945027,0.0001575567773954739,-0.0002623283376649894,0.0,0.0,0.0,0.0,0.0,0.0049994979650434535,0.0031310823349193894,0.007433596491198889,-0.00033802130407768413,-0.004624360352118751,0.0,0.0,0.0,0.0,0.0,0.0,0.0
Ecuador,0.9280,19,0.0,0.0,0.0,0.0,0.0,0.0,-9.41699641703867e-05,-0.0019483808152748639,0.0,0.00010636472323476522,0.0,0.0,0.0,0.0,0.0,0.0,0.0,0.0,0.36854128322728485,-0.00018848921885090844,0.0015976132339543905,0.0,0.0,0.0005105553956209852,0.0,0.0,0.0,0.0,0.0,0.0,0.0,0.0,0.0,0.0,0.0,0.0,0.0,0.0
Malta,0.8844,4,3.728310377816972e-05,-0.0002379496961044217,0.0008226563495640957,0.0,0.006386952393396858,0.0,0.0,0.0,-0.0005955194421556914,0.016217224956970356,-0.0004163398935796745,-0.00015157979694949177,-0.07892252123969204,-0.006319613632090521,0.0,2.6173747310843357e-05,-0.0016063280051588356,0.0,-7.650594359299344e-06,0.001060852645019982,0.0,-0.0011811483803446706,0.0,0.00723382898070869,-0.0017276826180691652,0.03810353462853869,0.01659635332452559,-0.00020939502649517026,0.0,0.0,0.0,0.0,0.0,0.0,0.0,0.0,0.0,0.0
Azerbaijan,0.9741,0,0.0006582995152681325,-0.0016309606045142515,0.00039714587508250744,-3.900577229412641e-05,0.0004924456186890414,-4.6726142727169065e-05,-0.0017217048478747855,-0.0015042495715983787,0.0030997653518040624,0.0028554914262148303,0.000257788035293718,0.0013300260629946692,0.01063855239175802,0.0010746441102970391,0.005092479672320292,0.00010547978100160979,0.0,-0.006113281935954738,-0.0030153832150427913,-0.0009083539156176604,0.0009537205749011074,-0.001472495177421708,-0.0022520017517751773,-0.0019173210523754012,0.0012548728281742204,-3.5490295347308365e-05,-3.485348627491735e-05,-0.0004247209821169151,-0.00013068613391010957,-0.001632954045040246,-0.0005240595252921665,0.0,0.0,0.0,0.0,0.0,0.0,0.0
