Country,R2,shift,C1_School closing,C1_School closing_Flag,C2_Workplace closing,C2_Workplace closing_Flag,C3_Cancel public events,C3_Cancel public events_Flag,C4_Restrictions on gatherings,C4_Restrictions on gatherings_Flag,C5_Close public transport,C5_Close public transport_Flag,C6_Stay at home requirements,C6_Stay at home requirements_Flag,C7_Restrictions on internal movement,C7_Restrictions on internal movement_Flag,C8_International travel controls,E1_Income support,E1_Income support_Flag,E2_Debt/contract relief,H1_Public information campaigns,H1_Public information campaigns_Flag,H2_Testing policy,H3_Contact tracing,H5_Investment in vaccines,H6_Facial Coverings,H6_Facial Coverings_Flag,H7_Vaccination policy,H7_Vaccination policy_Flag,H8_Protection of elderly people,H8_Protection of elderly people_Flag,V1_Vaccine Prioritisation (summary),V2A_Vaccine Availability (summary),V2B_Vaccine age eligibility/availability age floor (general population summary),V2C_Vaccine age eligibility/availability age floor (at risk summary),V2D_Medically/ clinically vulnerable (Non-elderly),V2E_Education,V2F_Frontline workers  (non healthcare),V2G_Frontline workers  (healthcare),V3_Vaccine Financial Support (summary)
Austria,0.9573,0,0.002263036,0.009319266,0.006416977,0.003714463,0.00815883,0.004118923,0.004858883,0.001869946,0.001754634,0.002188521,0.003604235,0.007475422,0.005578759,0,0,0.019505309,0.00658582,0.005210134,0.146998103,0.006377952,0.001713387,0.003583046,0.004267381,0.002197464,0.002782194,0.000923513,0.000187616,0.008891022,0.071065186,0.067150313,0,0.051934872,0,0,0,0,0,0
Cyprus,0.9076,1,0.00100298,0.000763789,0.002321189,0.003313939,0.000725026,0.001415539,0.000551303,0.000600263,0.001179992,0,0,0,0,0,0.106669521,0,0.009926899,0.007476596,0.034781989,0.001170736,0.001398853,0.00543971,0.003097257,0,0.000896702,0.000366599,0,0.006791643,0.009128035,0.038547038,0.004763462,0.041212153,0,0,0,0,0,0
Nigeria,0.9607,2,0,0,0,0,0.0444356,0.008118622,0.007286152,0.005958437,0,0,0,0,0,0.057587023,0,0,0,0,0,0.00110672,0,0,0,0,0,0.006902588,0.00181351,0,0,0,0,0,0,0,0,0,0,0
Romania,0.9846,2,0.005569953,0.004545846,0.008652163,0.004664496,0.009581141,0.010295598,0.009904893,0.004433758,0.002264861,0.005512507,0.001677513,0.005850212,0.001492116,0.005559262,0.012509763,0,0,0.180133132,0.137208728,0.00933008,0.013151778,0.000933467,0.017488576,0.005705162,0.010822518,0.012257829,0.004540284,0,0,0.02303662,0.060687883,0.012731594,0.023453271,0,0,0,0,0
Colombia,0.9823,17,0.000697497,0.003606097,0.001142154,0.000288212,0.00150748,0.000120029,0.005044584,0.000867256,0.002610749,0.002162015,0.003425682,0.005489078,0.00776018,0.001062764,0.000432017,0,0,0.00079084,0,0.001140541,0.00075891,0.013421665,0.007319512,0.001345673,0.011418719,0.002873826,0.00226972,0.00176087,0.001770601,0.001930734,0,0.003102683,0.001178877,0,0.013103791,0.000841045,0.002103727,0
Argentina,0.9629,19,0.0017258,0.001079679,0.000225022,4.16E-06,0.000394845,0.000389578,0.000801053,0.000221419,0.003450471,0.000820285,0.004085411,0.001225512,0.005254835,0.001987951,0.000441141,0.000321755,0,0,0.029716256,0.000333093,0.00161144,0.007403074,0,0.002506501,0.003832116,0.001932884,0.000601851,0.001959018,0.000795661,0.003098095,0,0.00199605,2.78E-05,0,0.003451238,0.003009917,0,0
Burkina Faso,0.7119,19,0.00577987,0.00019575,3.15E-05,0.000985701,0.00468862,0.003237692,0.000349257,0.00279432,0,0.010504491,8.36E-07,0.000547188,0,0,5.57E-05,0,0,0,0,0,0.001939811,0.000174709,0.001536182,0,0.006658775,4.02E-05,0,0.005155007,0,0,0,0,0,0,0,0,0,0
Guatemala,0.915,3,0.014420986,0.001779982,9.96E-05,1.25E-05,0.000174699,0,0,0.000273835,0.000628568,0.001087977,0.053961808,0,0,0.00029371,0,0.002313318,0,0.002982477,5.92E-05,0,0.075306019,0.002074879,0.000261506,0,4.76E-06,3.26E-05,0,3.51E-05,0,0,0.00172825,0,0,0.000329561,0,0,0,0
Israel,0.9485,0,0.002503254,0.001040296,0.001558339,0.000905844,0.00098552,0.002040369,0.015544813,0.001546079,0.002385579,0.001826111,0.000782319,0.010101841,0.001752162,0,0,0.004554119,0.003720004,0.002536603,0.099663432,0.009971053,0.005593275,0.001647668,0.00284921,0.001695959,0.007548866,0.008079241,0,0.003467262,0.001553321,0.152216381,0.007810164,0.05586846,0.010218687,0,0,0,0,0
Luxembourg,0.7923,12,0.00162874,0.001706892,0.001050044,0.002102934,0.003550606,0.000561627,0.001879485,0.000642464,0,0,0.001901293,0,0,0.003060926,0.002569,0.003142477,0.00324049,0.003954168,0.002034259,0.002191994,0,0.001120967,0.002482588,0,1.42E-05,0.000736579,0.001609094,0.005709151,0.022778303,0.002493071,0,0,0,0,0,0,0,0
Spain,0.9536,14,0.011814019,0.008397356,0.013514017,0.019798589,0.002458039,0.007391234,3.08E-05,0.000241914,0.00016303,0.000159318,0.002867309,0.002462042,0.003333588,0.007009412,0.021608036,0.035773453,0,0.000322074,7.66E-05,0.005646708,0.003466706,0.000461311,0.000545794,0.000241875,0.00043155,0,0.086771263,0.00012004,0.029940492,0.000669412,0,0.000414629,0,0,0,0,0,0
Myanmar,0.9508,3,0.001148452,0.000774668,0.009259874,0.000924336,0.00388253,0.006312644,0.026912497,0.010843517,0.000537666,0.010689938,0.00811705,0.0053275,0,0.000377558,0.009069669,0.001219425,0.001606388,0.005736025,0.001301673,0.000347454,0.000678582,0.000233119,0.001068693,0.000379257,0,0.000592863,0.007807917,0.000243276,0.000579234,0.004755928,0.009828347,0,0,0.002080422,0.00152111,0.011521236,0.001958894,0
Ghana,0.9613,9,0.00030368,0.001766198,0.000487384,0.005471518,0.015957044,0,1.90E-05,0,0.00167363,0,0,0.001790891,0.00067245,7.40E-06,5.70E-05,0,2.80E-06,0.00027226,0.03705405,0.000108806,0,0.001225225,0,0,0,0.026005303,0,0.003594102,0,0,0,0,0,0,0,0,0,0
Mozambique,0.8347,18,0.000639322,0.006804862,0,0,0,0.000739282,0.002226806,0.000587833,0.000661899,0.000978318,0,0,0,0,0,1.91E-05,0.000611837,0,0.011517169,0.004871676,0.002015462,0.002279548,0.007048399,0.003905787,0.00077358,0.001166438,0.004252024,0.004353327,0,0.009522689,9.39E-05,0.004813339,0.005241087,0,0,0,0,0
Rwanda,0.7972,6,1.82E-05,0.000329813,0.002988415,0,0.034722026,0.000702966,0.000289545,0.000753123,0.000270983,0.000157486,0.000495573,0,0,0.02762482,0,0.003287327,0.000139358,0.020181283,0.000185832,0.000749244,0,0.017795543,0,0,0.015526356,0,0,0,1.62E-06,0,0,0,0,0,0,0,0,0
Liechtenstein,0.6003,0,0.001012299,0.000942708,0.000681353,0.000101755,0,0.004335427,0.001015802,0.004507142,0.001252303,0.002947644,0.002941955,0.001285852,0.000594871,0.00319789,0,0.000400356,0.000101381,0.000744923,0,0.003532268,0,4.94E-05,0.002383416,0,0.00072056,0.004318474,0.002612669,0.000368528,0.003281959,0,0,0,0,0,0,0,0,0
Yemen,0.8749,7,0.018561344,0.003584629,0.006835579,0,0,0,0,0.009789773,0.011407838,0.004697266,0.003352021,0.002762883,0,0,0,0,0,0.003924129,0.014786524,0.001974649,0.010564252,0,0,0,0,0.001214185,0.008070527,0.056333163,0.008908664,0.000571105,0.00192781,0.016153342,0.001582524,1.66E-05,0,0,0,0
Djibouti,0.4266,17,0.002468592,0,0,0,0.002328853,0.001466438,0.000926114,0,0,0,0,0.000403653,0.005568041,0,0,0,0.000681357,0.00011032,0,0.001447314,0.000343821,0.002047571,0.001085751,0.011167988,0.000492985,0.000571334,0,0,0,0,0,0,0,0,0,0,0,0
Somalia,0.8417,7,0,0.04935098,0,0.083184169,0,0.001152997,0.006813764,0,0,0,0,0,0,0,0,0.022486866,0,0,0,0.004957559,0,0,0,0,0,0,0,0.013906489,0,0,0,0,0,0,0,0,0,0
Honduras,0.8458,0,0.001020864,0,0,0.005114168,0.008870014,0.019194453,0.021891376,0.007249068,0,0,9.00E-06,0,0.023272472,0.002349929,0.009929958,0.000957366,0.00360585,0.002941378,0.003632683,0.002246432,0.001030397,0.000598382,0.002748057,0.005273341,0,0.011533721,0,0.001171134,0.001856702,0.000165708,0,0.053472885,0.001286154,0.06774972,0.00430206,0.00435517,0,0
Andorra,0.8798,3,0,0,0.004513862,0,0,0,0,0.01655268,0,0.010399007,0,0,0,0,0,0,0,0,0,0,0,0,0,0,0,0,0.011356553,0,0,0,0.00239942,0,0,0,0,0,0,0
Bosnia and Herzegovina,0.9489,0,0,0,0,0,0.001182342,0,0.001496558,0.000766657,0.03573915,7.04E-05,0.007251635,7.20E-05,0.001038736,0.000692734,2.86E-05,0.034692507,0.047420121,0,0,7.52E-05,0.002661161,9.03E-05,0.000255455,0,0.001156582,7.02E-05,0,3.01E-05,0,0,3.02E-05,0,0.275750741,0.023142509,0,0,0,0
Paraguay,0.8829,19,9.03E-05,0.00034863,0.002178118,0.004972464,0.006303075,0.000444064,0,0.001128686,0.001994884,0.003344808,0,0.000919892,0.003412063,0.002323497,0.001119548,0.005426861,0.002540024,0.002028796,0.000917643,0.002494675,0,0.002523928,0.000310359,0,0,0.001627304,0.006044252,0,0,0.021603112,0.002647465,0.001209673,0.003739071,0,0,0,0,0
Senegal,0.9702,2,0.002594907,0.006471715,0.00470493,0.003565111,0.009842224,0.001711584,0.002321971,0.001537359,0.000598316,0.014449824,0.007437299,0.010252703,0.002065036,0.012650021,0.000986524,0.006527867,0.007778556,0.000461222,0,0.005552155,0.000639641,7.63E-05,0.005867545,0.130658729,0,0.041668035,0.013449528,0,0,0,0,0,0,0,0,0,0,0
Italy,0.9137,19,0.002134961,0.000402499,0.000723431,0,0,0.002013855,0,0.00381449,0,0,0,0.001687636,0.202752512,0,0,0,0,0.854304255,0,0,0.002136588,0,0,0.012164627,0.00622891,0,0,0,0,0.001497068,0,0,0,0,0,0,0,0
Kiribati,0.9171,2,0.05049587,0.019977821,0.014471345,0.004449342,0.012764157,0.032973377,0,0,0,0,0,0,0.013998247,0,0,0,0,0.039197302,0.017615948,0.035254125,0.456277583,0.058469705,0.019075847,0.065634574,0.069716602,0,0,0,0,0,0,0,0,0,0,0,0,0
Azerbaijan,0.974,0,0.003674475,0.002566299,0.000686302,0.000840888,0.001072893,0.000764931,0.005506399,0.007415173,0.005531844,0.007255036,0.000605666,0.001280154,0.010437472,0.005202649,0.007038195,5.73E-05,0,0.003261422,0.005449957,0.004095599,0.001231562,0.001213152,0.00812389,0.007931219,0.005404527,0.000344043,2.35E-05,0.000476503,0.000646332,0.002573983,0.009277291,0.002085789,0,0,0,0,0,0
Uruguay,0.8761,2,0.004381109,0.000670069,2.73E-05,0.003177325,0.00053589,0.001248314,0.00010668,0.000626972,0.001867471,0.001109146,1.93E-05,0.000773362,0,0.000709081,0.000320517,0,0.000927835,0.004823288,0.002010548,0.007070772,0.000613265,0.00415427,0.003616318,8.73E-06,0.001403802,0.00279024,0,0.000817314,0.003213668,0.000159372,0.001432856,0,0.001830969,0.001041439,0,0,0,0
Cote d'Ivoire,0.9674,10,0.000584047,0.001216585,0,0.002186038,0,0,0.001445112,0,0.00267535,0.01000805,0.005020889,0.000188354,8.05E-05,0.000711379,2.04E-05,0.000189422,0,5.04E-05,0.022768178,0.001321776,0.000224613,0.000939796,9.43E-05,0.006230676,3.59E-05,0,0,0,0,0.001970785,0,0.001048688,0,0,0,0,0,0
Bahrain,0.9473,18,0.000202176,0.000121047,0.000124548,0.001189633,0.000594423,1.44E-05,0.00536618,0.000638403,0,0,0,0,0.002880185,0.002961888,0.002560906,0.013559472,0.003047439,0.00771864,0,0.000446642,0.000475424,0.000362549,0.002247194,0.031747191,0.002294057,0.000168044,0.003674898,0,0,0,0,0,0,0,0,0,0,0
Bolivia,0.9775,6,0.011689267,0,0,0,0,0,0,0.001178225,0,0,0.003075919,0,0.005342198,0.002310495,0,0,0,0,0,0.048439794,0,0,0,0.010175469,0,0,0,0,0,0,0,0,0,0,0,0,0,0
Norway,0.9238,14,0.004103935,0.000733807,0.001000009,0.000535475,0.000421177,0.002165738,0.001116473,0.001608719,0.001908319,0.004124293,0,0,0,0.000957865,0.000786101,0.000899309,0.001204274,0.001955029,0.002071494,0.001732194,0.000984699,0.001142488,0.000291769,0.001736689,0.000914929,0.000727735,0.00119189,0,0.000387302,0,0.002098893,0,0,0,0,0,0,0
Fiji,0.9034,7,0.031295681,0,0,0,0.000453864,0.008638679,0.011699904,0,0,0,0,0,0.01351159,0,0.026774429,0,0,0,0.002462171,0.021418959,0,0,0,0,0.001800866,0,0,0,0,0.012475164,0,0,0,0,0,0,0,0
Georgia,0.9687,16,0.001454239,0.000611373,0.000320512,0.000779667,0.000593365,0.004783666,0.001145605,0.001204818,0.006629791,0.001983785,0.000761886,0.000866955,0.0093529,0.000464666,0.001269868,0,0.007232736,0.003974623,0.000669532,0.012194726,0.003487035,0.002017042,0.001786537,0.0061314,0,0.005282602,0.001473421,0,0,0.013300394,0.001964152,0.001964046,0,0,0,0,0,0
Taiwan,0.8325,17,0.00110949,0.005613534,0.003232923,0.003368728,0.003699985,0.003009922,0.037271662,0.002825911,0.008657225,0,0.003404029,0,0.005177557,0,0.011063925,0.019829639,0.003454449,0.003215589,0.005758096,0.002001814,0.00364883,0.011050743,0,0.002817298,0.004049878,0.00035304,0.000196191,0.019614066,9.23E-05,0.001940294,0.002625284,0.005143552,0.013858877,0,0,0,0,0
Central African Republic,0.8707,19,0.004041372,0.010322732,0.008919518,0.0038934,0,0,0.004158627,0.012501228,0.006441468,0.002183243,0.003963321,0.001382413,0.000913822,0.004877352,0.007695365,0,0.006608787,0.00077336,0,0,5.81E-05,0,0,0.001917602,0.004461094,0.002312668,0.002673342,0.000440161,0.00046359,0.017768232,0.001507646,0,0,0,0,0,0,0
Madagascar,0.912,18,0.003029842,0.001337829,0.000601273,0.003420111,0.000883365,0.002392449,0.001088162,0.005844,0.004613375,0.000423113,0.000268926,0.000348511,0.000427252,0.000875574,0.005252971,0.00021341,0,0.000246973,0.007071199,0.002785301,0.000958069,0.004228954,0.002366244,0.000635245,0.000737612,0.000418816,4.25E-05,0.000384593,0,0.005146525,0,0.000926496,0.001888728,0.000363192,0,0,0,0
Sri Lanka,0.5763,4,0.006030908,0.000826557,0.003162758,0.004640406,0.001680237,0.000912857,0.001580041,0.000181727,0.000349148,0.01442416,0.012607342,0.000662888,0.002567017,0.014412737,0,0,0.010569545,0,0.04685553,0,0.026035418,0.00213935,0.005646958,0.003238724,0.001495991,0.004281391,0.005938945,0.003259919,0.005165806,0,0.059984656,0,0.007614518,0.001373239,0,0,0,0
Liberia,0.8264,5,0.000423071,0,0.008517743,0,0.00649151,0.002907747,0.006464084,0.001752801,0.005950908,0.006259461,0,0,0.004035691,0,0.003407495,0.00040031,0.009734353,0.011912752,0.001385422,0.001788364,0.000460561,9.38E-05,0.003454967,0.00450665,0.076721197,0.000360183,0.000384447,0,0,0,0,0,0,0,0,0,0,0
Eritrea,0.4145,0,0.078289144,0,0,0,0,0,0,0,0,0,0,0,0,0,0,0,0,0,0,0,0,0,0,0,0,0.129897417,0,0,0,0,0,0.461301165,0,0,0,0,0,0
Suriname,0.9443,4,0.000530587,0.00374488,0.006986335,0.009855306,0.001516422,0.005577106,0.001013116,0.004585314,0.001572094,0.000808254,0.005566323,0,0.006757889,0.001722411,0.001149501,0.001362434,0.003020377,0.001332502,0.000354111,0.001293971,0,4.25E-06,0.000465956,0.006888885,0.00386662,0.011924922,0.001758753,2.70E-05,0.020508933,0.000827889,0.00208717,0.001959429,0,0,0,0,0,0
Slovenia,0.8818,5,0.001390288,0.002352219,0.000867002,0.007664761,0.002309128,0.000181224,0.001129265,1.58E-05,9.26E-05,1.29E-05,0.002863,0.002165047,0.003873092,0,0.00278338,0.001073164,0.002771273,0.001373924,1.43E-05,0.019523294,0.000927573,0,0.000240002,0.002836888,0,0.002399985,0.005890888,2.76E-05,0.003889629,0,0,0.00526462,0.000284733,0,0,0,0,0
Moldova,0.9569,12,0.00100005,0.00208982,0.000745882,0.001298817,0.001357502,0.003036539,0.001256949,0.006487312,0.00654334,0.00408643,0.002504352,0.003761382,0.003632737,0.00178808,0,0.003630651,0.00053986,0.00719546,0.048387574,0.003066652,0.007148801,0.001261363,0.002373398,0.002394227,0,0.065601106,0.018067538,0,0.005530427,0.050911246,0.001404659,0,0,0,0,0,0,0
Faeroe Islands,0.8523,8,0.00032663,0.000491699,0.000350858,0.001084787,0.0029335,0.000399679,0.001813103,0.000722207,0,0.000115305,0.000131645,0.00161496,0.00129805,0.001135244,0.001465849,0.001913599,0,0.000395308,0.00046,0.000714049,7.16E-05,0.000436511,0.002053926,0.019217052,0.001702634,0.007287874,0.001345422,0.002311273,0,0,0,0,0,0,0,0,0,0
Togo,0.8339,2,0.00221332,0.000893933,0.001243367,0.000585686,0.000352675,0.004155957,0.000190756,0.000757166,0.00142978,0.001001249,0.001167575,0.000763413,0.004042943,0.002268049,0.002096375,0.004128675,0.010930715,0,0.009507523,0.002532741,0.003935484,1.45E-05,2.51E-05,0.003546813,0.001748002,0.001426662,0.000627074,0,0.000587599,6.53E-05,0.00397178,0.000172995,0.000640223,0,0,0,0,0
Jamaica,0.9338,6,0.000254894,0.000991593,0.000362906,0,0.000674094,4.73E-05,0.003158489,0.000357428,0.000255632,9.08E-05,0.004551879,0.003408524,0,0.009410299,0.004280414,0.00475636,0.000240847,0.002398259,0.002078301,0.00279274,0.00223233,0.000779587,0.001039355,0.003611555,0,5.51E-05,0.002205473,0.006154785,0.001007442,0,0.01068576,0,0.012828405,0.00067499,0,0.001366572,0,0
San Marino,0.898,3,0,0.00355717,0.000340232,0.000484626,0.000697175,0.000786524,0.005670899,0,0,0,0,0.003374096,0,0,0.000452137,0.001674993,0.00092915,0.001494554,0.002007128,0.003090146,0.001553873,0.001012848,0.001044503,0,0.000275394,0.036233284,0.000211979,0.001811325,0.000172739,0.000667798,0.005990143,0.000342175,0.000620851,0.002290271,0.000813871,0,0,0
Malaysia,0.8482,0,0.004817627,0.006697257,0.00830756,0.00452747,0.00404927,0.003304624,0.002419507,0.000249819,0.000131378,0.004326644,0.002627436,0.010404623,0.003976377,0.000561416,0.010003601,0.00082575,0,0.015846096,0.001117555,0.006091836,0.009904144,0.001722277,0.00173684,0.001440939,0.004940158,0.004130224,0.0441952,0.049122134,0.038883629,0.011893215,0.000705019,0,0,0,0,0,0,0
Japan,0.9338,5,0.004820657,0.001293279,0.001034742,0.001120958,0.001175791,0.002090633,0.001156638,0,0.003973449,0.000742959,0.002177717,0.009441829,0.001069019,0.000351473,0,0.003122416,0.000194227,0.001439999,0.000666746,0.001182514,0.000461773,8.03E-05,0,0.000389569,0,9.58E-06,0.014703304,0.001026948,0.028975305,0.002636991,0,0.016934262,0.00149989,0,0.00037416,0.001000577,0,0
Lesotho,0.8636,19,0.018631491,0,0.001267142,0,0.002464678,0.01014479,0,0,0.007326232,0,0.000577567,0,0.006995616,0,0.002206446,0.000667274,0.007939907,0.003419864,0.00548536,0,0.011998234,0.000679914,0.019411421,0.005387312,0.000180491,0,0.000327199,0.001510504,0.000639025,0.000193063,0.000495321,0.00420811,0,0,0,0,0,0
Croatia,0.9452,8,0.008931329,0.006511234,0.01605192,0.002578554,0.009291447,0.005895229,0.006869315,0.002641654,0.002418515,0.002473169,0.000410505,0.000828702,0.004704466,0.004076595,0,0.008187438,0.002282034,0,0.01448586,0.004708325,0.005250994,0.003324517,0.000148449,0.005790213,0.003691566,0.002216101,0.004948182,0.003606939,0.003935306,0.00051412,0.012496627,0,0.00839668,0.000950209,0.000165748,0,0,0
Denmark,0.9239,19,0.000476443,0.004777423,0,0,0,0,0.002710327,0,0,0,0.006032849,0.003876845,0,0.011856076,0.022697411,0.001652833,0.000448297,0.024300208,0,0,0,0,0,0,0,0,0,0,0,0,0,0,0,0,0,0,0,0
Cambodia,0.8562,0,0.015588772,0.017053237,0.016094177,0.015770074,0.014107938,0.022681969,0.02221669,0,0,0.000833828,0.000356921,0.002650033,0.002407714,0.018881408,0.002385965,0,0.155010867,0.025654783,0.026229349,0,0.007317357,0.062880169,0.004120412,0.000276678,0.001186654,0.001052338,0.002324788,0.003854901,0.001907285,0.002154567,0.00182176,0.002376608,0.071744435,0.000653261,0.001130644,0.001886052,0.00139958,0
Kazakhstan,0.9168,1,0.005812135,0.005708013,0.000236651,0.00021142,0.003423704,0.001778873,0.000586265,0.003360844,0.000472901,0.001566896,0.00343791,0.009965239,0.003042959,0.002773309,0,0,0.001990341,0.005281232,0,0.008003169,0.00625356,0.014254968,0.003426838,0.001352451,0.002618437,0.00216502,3.87E-05,0.003355782,0.040972751,0.003627056,0.002444961,0.000521619,0,0,0,0,0,0
Seychelles,0.6653,17,0.000154714,0.001216769,0.00215989,0.005756142,0.005321501,0.003891731,0.001909442,0.000272659,0.000327711,0.000227722,0.008311762,0.005373218,0.000104192,0,0.003773595,0,0.004489168,0.00291626,0.000741869,0.008087288,1.90E-05,0.000848589,9.79E-05,0,0.000668143,0.001517498,0.000593201,0.00037002,0,0.000202877,0.016959755,0.001219558,0.00035763,0.000115002,2.85E-05,0.000214938,0,0
Sudan,0.949,12,0,0.004360881,0,0,0,0,0,0.004030364,0.006473026,0,0.026771974,0,0.003773585,0.049701389,0.010206528,0,0,0,0.004828537,0,0,0.007327432,0,0,0,0,0,0,0,0,0,0,0,0,0,0,0,0
Libya,0.7626,0,0,0.043781265,0,0,0,0,0.011752726,0.006489535,0,0.026408552,0,0,0,0,0,0,0.011345102,0.00334924,0.014013132,0.002321606,0,0,0,0,0,0,0,0,0,0.114933886,0,0,0,0,0,0,0,0
Czech Republic,0.9687,0,0.008059156,0.00581061,0.009262477,0.003897621,0.002572389,0.003107609,2.88E-05,0.008461084,0.001722474,0.001265878,0.004774223,0.015751699,0.004804851,0.012726942,0,0,0.014378134,0,0.307223703,0.014640648,0.006436094,0.062912511,0.002853306,0.002252034,0.002436033,0.001404262,0.002307544,0,0.003268525,3.48E-05,0.006163658,0.000301959,0.011217101,0.021829963,0.00039341,0.002217199,0,0
Slovak Republic,0.9463,19,0.006776644,0.000837898,0.000197804,0.001545212,1.32E-05,0.001979647,0.000333895,0.003919996,0.001318448,0.000964303,0,0.001325318,0,0.000865163,0.000117079,0.005722077,0.000379023,0.003441733,0.009291896,0.008490276,0.008847676,0.006789314,0,0.000829334,0.006776652,0.002475046,0.011704706,0.000180239,0,0.003826058,0.005704654,0,0,0,0,0,0,0
Nepal,0.84,0,0.001762494,0.003892635,0.001122148,0.005375483,0.002651663,0.00542397,0.00411269,0.00407051,0.005816211,0.003572174,0.001553581,0.004427363,0.006576736,0.004699821,0.012884548,0.011951205,0.020596606,0,0.0140773,0.012295838,0,0.063633707,0.033288636,0.002650087,0.001504049,0.003726474,0.004705112,0.006142991,0.001208487,0.000298607,0,0,0.013874352,0.007714897,0.001180977,0.010215203,0,0
Oman,0.9681,13,0.00204656,0.001761813,0.000603144,0.004393315,0.004676495,0.000934162,0.000816684,0.001615748,0.001963706,0.001662775,0.004597359,0.002263603,0.00310787,0.008311561,0.004140376,0,0.0062525,0.005588201,0.001902011,0.002410712,0.001668482,0.002155619,0.003624484,0.00352948,0.008789105,0.000360666,0.022491299,0,0.004666174,0.003164556,0.000165694,0,0,0,0,0,0,0
Timor-Leste,0.9385,19,0.005502162,0.001066588,0.000305089,0.000494492,0.0005021,0.00196432,0.001022716,0.000753689,0.001244929,0.000841848,0.000510672,0.006415165,0.006525083,0.003178375,0.002182313,0.00177722,0,0.008057855,0.005672062,0,0.007124729,0.004958238,0.001498595,0.000472067,0.001299482,0.006035871,0.005745952,0.002217313,0,0.004110571,0.000638009,0.000129066,0.000454424,0.000875674,0.002104982,0,0,0
Macao,0.7031,10,0.000140647,0.000134548,0,0,0,0.00165594,0.00048997,0,0,0,0.000501867,0.00013496,0.000237647,0.000337364,3.52E-05,0,0,0.000342797,3.84E-05,0,0,0.000214065,0.000348432,0,4.96E-05,0.000294541,0.000236292,0,0,0,0,0,0,0,0,0,0,0
Albania,0.9611,12,0,0,0.001084062,0,0.00011086,0.000904535,0,0.00216082,0.001021222,0,0.00448176,0.002048357,0,0.002436815,4.72E-06,0.000819935,0,0.005201386,0.001164129,0.025505126,0.002953232,0.000269016,1.21E-05,0.015225772,0.000181614,0,2.28E-05,0.000179765,0.000108745,0.000567248,0.000358066,0.000222931,0.000492571,0,0,0,0,0
Vietnam,0.8711,13,0.005354918,0.00250867,0.001596388,0.002656398,0.004053299,0.005589514,0.002800742,0.000409497,0.000743235,0.000409025,0.000179654,0.001924918,0.001673218,0.00235064,0.001058102,0.008506147,0.003947564,0.003881808,0.000276294,0.000615921,0.001800591,0.000886458,0.001053924,0.000841786,0.01020215,0.006828891,0,0.010328274,4.43E-05,0.002019194,0.00204511,0.000192913,0,0,0,0,0,0
Philippines,0.7884,11,0.021297785,0.000618047,2.19E-05,0.000244215,0.007866523,0.068427005,4.93E-05,0.001033296,0.00270798,0.000135446,0.04230788,0.002506702,0.024865718,0.001771075,3.52E-05,0.000770229,0,0.013491579,0,7.12E-05,0,6.54E-05,0.000660357,0.000154401,0.000146258,0.001367799,0.032739861,0.00203818,0,0.009305564,0,0,1.39E-05,0,0,0,0,0
Gambia,0.8804,14,0.006537878,0.007695074,0.000902843,0.022888734,0.000560761,0.016659284,0,0.000270746,0,0.000542059,0.004084084,0.002982852,9.71E-05,0.000150803,0,0.038593417,0.001844233,0.001946823,0.003302587,0.000557209,0.000356469,2.18E-06,0.002871462,0,0.000645744,0.007916246,0.014441387,0,0,0,0,0,0,0,0,0,0,0
Kuwait,0.9771,5,0.000453573,0.000208316,0.000108258,0.000231043,0.000417545,0.000321366,0.002172221,0.000497607,0.00408831,0.001629831,0.002497593,0.001387829,0.001527322,0.004840503,0,0,0.005762132,0.00048657,0,0.01112317,0.007732093,0.005462982,0.00128767,0.00212317,0.003442986,0.001975692,0.003438118,0.003900516,0.001310106,0.001835073,0,9.54E-05,0.028584828,0.021837649,0.006357014,0,0,0
Uzbekistan,0.9684,19,3.07E-05,0.007629882,0.000613081,0.000613321,2.26E-05,0.000483193,0.001464498,0.001651341,0.001117669,0.004054976,0.003226474,0.00019121,0.000477375,0.003395666,0.001904198,0,0,0.000853831,0.003192936,0.000831131,0.011292973,0.000354059,0.000956547,0.001374283,0.00171009,0.000283259,0.000369647,0.000321583,0.000321279,0,0.000571624,0.000199441,6.81E-05,0,0,0,0,0
Peru,0.9686,0,0.018715008,0.011964859,0.002739297,0,0.008738724,0.003863458,0.009822316,0.011126026,0.006102251,0.005223474,0.003567775,0.016793558,0.010820887,0,0,0.006702875,0,0.249906503,0.21815203,0.006776655,0.011329953,0.002302431,0.009233327,0.004955438,0.002711356,0,0.002015074,0.002001118,0,0.000454361,0.009006561,0.007821806,0,0.007733756,0,0,0,0
Belarus,0.9279,12,0.009242182,0,0,0,0,0.009329614,0.021937481,0,0.042183859,0.007430171,0.009906126,0.009214248,0.00731533,0.007493305,0.002193145,0,0.003924214,0.016848892,0.017217442,0.02094488,0.075671883,0.009520381,0.015845242,0.013323036,0.003201138,0.00815154,0,0,0,0,0,0,0,0,0,0,0,0
Jordan,0.881,2,0.00254325,0.001379233,0.003262647,0.000760714,0.001436605,0.001051587,0.005308187,0.010276873,0.002623262,0.001378326,0.010382215,0.001888408,0.004265513,0,0.005359349,0.009372333,0.005865419,0.002695682,0.009564088,0.012676895,0.010903063,0,0.001134513,0.006133857,0.001372589,0.002938466,0.017160705,0.006934927,0.002194523,0.002070074,0.010843085,0.005247939,0.021457952,0,0,0,0,0
Tajikistan,0.8741,19,0.000298902,4.66E-05,2.86E-05,0.000281692,8.24E-05,0.000756993,0.001229914,0.000176877,0.000402373,0.000893731,0,7.43E-05,0.000493258,0,0.000555871,0,0,0.001059392,0.00027991,0.000961658,0.002052226,0.001114791,0.001883041,0,0.000161187,0,0.001813656,0,0.000482699,0.000765176,8.51E-06,0,0,0,0,0,0,0
Benin,0.7836,19,0.00188216,0.003981265,0.001372354,0,0.000864884,0.000623393,0.005893129,0.00068518,0.001468049,0.001085716,0.001594458,0.002875276,0.004182772,0.009540217,0,0,0,0.010112415,0.002872754,0.000653387,0.000712135,0.000192867,0.000340794,0.004588899,0.001803758,0.006527078,0.002029188,0,0.000395756,0.00088497,0.000237201,0,0,0,0,0,0,0
Morocco,0.9687,0,0.0030945,0.003110405,0.00642917,0.001921686,0.0044874,0.001507549,0.003073915,0.004894101,0.002517616,0.001993741,0.003718553,0.002443611,0.014735928,0.006268211,0.0060557,0,0.015953474,0.006863795,0.003606423,0.004400367,0.010738604,0.007542033,0.004703905,0.005970275,0,0.117103606,0.00306659,0.018920571,0.000789213,0.116824568,0.000623437,0.133606064,0.015359708,0,0,0,0,0
Iceland,0.947,16,0.000909301,0.000468834,0.002713807,0.000559997,0.001010419,0,0,0,0,0.00389331,0.016172935,0,0,0.001256175,0.003414813,0,0.000274025,0.00114132,0.000758446,0.000336489,0.001230841,0.004217242,0.000909068,0.000709478,0.00148936,0,0.006022081,0.007379538,0,0.012176477,0.039490861,0.001308742,0.000405106,0.00125583,0,0,0,0
Congo,0.8734,0,0,0,0,0,0,0.006015715,0,0,0,0,0,0.030789677,0.132558623,0,0,0,0,0,0,0.019779612,0,0,0,0,0,0,0.359775186,0,0,0,0,0,0,0,0,0,0,0
Serbia,0.9071,0,0.00350184,0.009653792,0.001534599,0.002882185,0.004306133,0.020307683,0.00208319,0.002651704,0.00259509,0.00811393,0.030065083,0.007936729,0,0,0.00637771,0,0.005663628,0.009272302,0.011035745,0.001007107,0.006552337,0.005783369,0.002814435,0.002676277,0.001340794,0,0.001811459,0.002062511,0.000283068,0.00174171,0.136163418,0.000115992,0.008271509,0.007329082,0,0,0,0
Saudi Arabia,0.988,16,0,0,0,0,0,0,0,0,0,0,0,0,0,0.007170711,0.082559858,0,0,0,0,0,0,0,0,0,0,0.027105432,0,0,0,0,0,0,0,0,0,0,0,0
Qatar,0.9561,19,0.000257724,0.00039331,0.000332516,0.000585413,0.000312205,0.000884942,0.000231104,0.000968182,0.001742317,0.000138294,0,0.004994795,0,0.006296664,0.001873878,0.002690822,0.000922384,0.00069814,0.001128342,0.001477536,0.001023743,0.00222903,0,0.000929006,0.003210782,0.002918094,0.002283231,0.008637367,0.037229473,0.001561642,0.034202673,0.034262016,0.002930259,0,0,0,0,0
South Korea,0.9019,18,0.013361279,0.006500929,0.009124077,0.004869229,0.005447085,0.00592822,0.006843029,0,0,0.002942137,0.004826651,0.0017107,0.005553048,0.017804534,0.044193448,0,0.003322675,0.002492126,0.001964221,0.007568731,0.00177583,0.003666063,0.002816794,0.002137585,0.001691712,0.000206775,0,0.02825873,0.297433377,0.026833453,0.000226775,0.01764619,0,0,0,0,0,0
Russia,0.9728,19,0.002963225,0.010733318,0.017037435,0.01132618,0.009933729,0.005572443,0.002289377,0.001272449,0.001513736,0.001916813,0.001648037,0.002089375,0.001475543,0.021320748,0.018210488,0.002250308,0.003747451,0.003552348,0,0.021287622,0.033799419,0.000251871,0.002745486,0.002781445,0.003772908,0.003554401,0.001128372,0.002443909,0.002888343,0.001913369,0.001507173,0.000104009,0.002765031,7.57E-05,0,0,0,0
Sierra Leone,0.9652,2,0.003769205,0.000368981,0.000603795,0.002907271,1.18E-05,0.000464975,0.000951421,0.011186584,0,0,0,0.000242935,0,0.01593298,0.001565307,0.000588506,1.82E-05,0.004581188,0.000607779,0.00055568,0,0.000855574,0.007260079,0,0.00148652,2.78E-06,0,0,0,0.000181824,0,0,0,0,0,0,0,0
Hungary,0.9544,0,0.002805905,0.005292403,0.006310628,0.000738943,0.00185966,0.003023567,0.006274799,0.000992459,0.0042694,0.003277705,0.011387178,0.003530662,0.003417925,0.005997976,0,0.018855772,0.005195548,0.003721546,0.005541893,0.008134627,0.004465683,0.000718961,0.002551996,0.002958148,0.003924186,0.006056852,0.001422588,0.001543784,0.00392626,0.003906191,0.015197395,0.003774442,0.013863239,0.001047147,0.005379604,0.000452172,0,0
Guinea,0.9531,12,0.000535093,0.000654275,0.001748659,0.000795417,0.000442259,0.000347954,0.001013141,0.001514795,0.000157847,0.005291755,0.002054025,0.004353638,0,0.001730252,0.000476386,0,0.005720319,0.001429437,3.27E-05,0.004104092,0.000948135,0.00270291,0.001087751,0.000206642,0.002671546,0.006739705,0,0.020275032,0.003007316,0.008609518,0,0.058527893,0.002755552,0.000233655,0.00371013,0,0,0
Dominica,0.8028,10,0.006180866,0.000324923,0.00280475,3.33E-05,0.000290392,0.000697523,0,0,0,0,0,0.000933442,0,0.001820148,0.002956912,0.000257986,0,0.001304478,0.005247738,0,0.000878273,3.89E-05,1.29E-05,0.000771797,0,0.002515552,0,0.000597065,0.008841381,0.000339374,0,0,0,0,0,0,0,0
Turkey,0.8521,0,0,0.007493972,0.000927827,0.00050362,0.003014191,0.002214485,0.018054239,0.023407127,0.024312302,0.003804192,0.020632074,0.008370659,0.031704815,0.026508345,0.035642241,0.023391801,0,0,0.040360708,0,0.016084168,0.124938234,0.015587362,0.027774038,0.057390887,0.0181284,0.023144261,0.008515789,0.010155737,0.018843152,8.80E-05,0.005637006,0.016056184,0,0,0,0,0
Thailand,0.8736,5,0.001491963,0.002021479,0.004736874,0.000956462,0.000475648,0.00390168,0.002846012,0.010276785,0.001811441,0.001638543,0.007901193,0.009511993,0.0034475,0.002913451,0.005217838,0.001625001,0.0015935,0.009539784,0.009005488,0,0.00332195,0.003153682,0.000928399,0.007667118,0.003363774,0.000604737,0.001405275,0.00023145,0,0.001693208,0.003294043,4.73E-05,0.00018026,0.000311952,0,0,0,0
Chile,0.9712,6,0.011123515,0.004214092,0.013877058,0.007651552,0.005789473,0.008286424,0.000940735,0.001117701,0.003991775,0.0034019,0.001023088,0.00098968,0.018670977,0.003390875,0.001814418,0.001758301,0.002639637,0,0.002078328,0.00303083,0.004043006,0.003239872,0.002390923,0.003228829,0.001601797,0.000403942,0.00419503,0,0.059874628,0.049682194,0.016150734,0.001142087,0,0,0,0,0,0
Zimbabwe,0.7572,5,0.002407174,0.000939325,0.000299743,0,0.000247875,0,0.000877424,0.011220661,0.010249099,0,0.004504843,0.006287544,0.008149043,0.003391765,0.008528081,0.004867577,0.004608407,0,0.000572454,0.000396885,0.001123827,5.48E-05,0.008137829,0.001414653,0.005042849,0.000395468,6.29E-05,0.002441633,0.006149024,0,0,0,0,0,0,0,0,0
Bulgaria,0.9048,19,0.003059441,0.000263805,0.000341428,0.000616033,0.000160793,0.000365471,0.000278606,4.17E-05,6.68E-05,0.000242466,0.00015304,0.000181195,0.000606661,0,0,0.000300147,0.00052803,0,0.003556003,0.002148848,0.000311023,0.000451979,0.005489802,0.002767606,0.003120115,0.007014854,0,4.29E-05,3.30E-05,0.000406034,0.001197904,0.007002732,0.002098342,0,0,0,0,0
Bhutan,0.8137,17,0.000353773,0.000361084,0.000939476,0.001211851,0.00152624,0.001150459,0.00171719,0.000551129,0.0005357,0.000721175,0.00016846,0.005836671,0.00246297,0.001264468,0.000111799,0.000806705,0,0,0.00368072,0,0,0.011693519,0.002277117,0.000173722,0,0.00402994,0,0.002800597,0.027406806,0.001994744,0,0,0,0,0,0,0,0
Afghanistan,0.9634,16,0.013623073,0.002103013,0.001990341,0.005827236,0.002903401,0.000625143,0.000802927,0.001174101,0.001979443,0.001925496,0.006378912,0,0,0.004079416,0.005955102,0.011318468,0.004570182,0.001779757,0.00936812,0.008820018,0.003405918,0,0.001104587,0.002411613,0.001497584,0.002397821,0,0.039676989,0.007673292,0.014470892,0.010004068,0,0,0,0,0,0,0
France,0.7594,14,0.009217161,0.004622459,0.006187463,0.00359366,0.006388564,0.006706133,0.007437185,3.17E-05,0.0003238,0.001111623,0.004235119,0.003228542,0.010732853,0.005445573,0.000344033,0.007267341,0.003039256,0,0.014104319,0.008085541,0.0126789,0.002999707,0.001005468,0.00081719,0.001556582,0.000989873,0.001238312,0.000988437,2.51E-05,0.056614052,0.055113773,0.009416724,0.000209884,0.020867541,0.089633829,0.000222103,0.003264882,0
Iraq,0.8949,12,0.002249298,0.009055666,0.007099215,0.00185292,0.000453452,0.000522003,0.001520321,0.001261792,0.006733207,0.008567598,0.000269096,0,0.00634274,0,0.002613364,0.001970896,0.006979882,0.004429146,0.004465726,0.001412234,0.001511006,0.00158249,0.002330487,0.01770602,1.93E-05,0.000489368,0.000396937,0,0.001984367,0.004072741,0.001947075,0.000497936,0,0,0,0,0,0
Laos,0.8237,7,0.000697757,0.003478686,0.001324848,0.002744971,0.002557902,0.005192068,0.004071386,0.006296465,0.00074634,0.001236082,0.001235209,0.000923113,0.004215806,0.001304388,0.00015228,0.000245128,5.27E-05,0.001879456,0,0.000393326,0,0.001226025,0.000427375,0.001004655,0.000565362,0.000709232,0.012881041,0.000257632,0.000673326,0.000381607,0.004314814,0.000184926,0.00371672,0.018610595,0.000424693,0.003832925,0,0
Cape Verde,0.9561,19,0.000161996,0.001587455,0.001944333,0,0.000918015,0.001424834,0.002302479,0.002058838,0.002671047,0.000667541,0.000443495,0.00094628,0.000919868,0.000190063,0,0,0.001771861,0.005382273,0,0.00656981,0.002861361,0.003701032,0.013800672,0.00245135,0.002443125,0,0,0.00483526,0.000864833,0.003152178,0.034953107,0.002178087,0,0,0,0,0,0
Belize,0.7534,12,0.002497492,0,0.003892746,0.000762935,0.002550353,0.001784333,0.005906375,0.001417925,0.004699647,0.002754758,0,0,0.013779869,0.000765576,0,0.000573267,0.002768617,3.36E-05,0,0.004989473,0.005058833,0.005209396,0.005822999,0.002902571,0,0,0.001301124,0.000658475,0.004841884,0.000188125,0.008961779,0.001008907,0,0,0,0,0,0
Kosovo,0.8767,17,0,0.001771066,0,0,0.002833349,0,0.000716754,5.45E-05,0.001931554,0.00071418,0.00103536,0.014497932,0.00018996,0.015415815,0.000359545,0,0.012467404,0.006717452,0.001180466,0.004200255,0.002742952,0.002086537,0.001530494,0.003503507,0.000384815,0.011978906,0,0.009654001,0.006201613,0.008850276,0.003163639,0,0,0,0,0,0,0
Barbados,0.8753,6,0.001262333,0,0.000735946,0.000771153,0.001794386,0.000656291,0.005002296,0,0.000696393,0,0,0.000519089,0.003521814,0.000191703,0.002424766,0.002314432,0.002199859,0,0.036768878,6.01E-05,0.001110168,0.000659378,0.001829406,0,0.001249535,0,0.001768825,0.005130979,0,0.00091985,1.79E-05,0,0,0,0,0,0,0
Guam,0.7672,19,0,0.005477775,0,0,0.003400768,0,0.000879504,0.003222224,9.26E-05,0.001076419,0.001312345,0,0,0.00034393,0.000158414,0,0.000419644,2.43E-05,0.004191628,0.002722793,0.000216671,0.002746143,0.001798841,0.000843564,1.24E-05,0.000934109,0.001089102,0.000161875,0.002338706,0,0.000435529,0.000844363,0,0,0,0,0,0
Solomon Islands,0.7092,17,0,0.14112392,0.025246253,0,0.121943945,0.001509408,0,0,0,0,0.00339617,0,0,0,0,0,0,0,0,0,0,0,0.020600386,0,0,0,0,0,0,0,0,0,0,0,0,0,0,0
Democratic Republic of Congo,0.8533,0,0.003334003,0.001412607,0.008260914,0.001330627,0.002231243,0.001772926,0.003204098,0.001805036,0.008415747,0.001750473,0.00270017,0.011331922,0.00931527,0,0,0,0.007645963,0.008472813,0.001806956,0.000157557,0.00049024,0,0,0,0,0,0.00612826,0.00343407,0.007435477,0.015651335,0.00462436,0,0,0,0,0,0,0
Ecuador,0.928,19,0,0,0,0,0,0,0.000433964,0.006712191,0,0.00056159,0,0,0,0,0,0,0,0,0.368541283,0.004595293,0.007814431,0,0,0.000510555,0,0,0,0,0,0,0,0,0,0,0,0,0,0
Malta,0.8844,4,8.53E-05,0.003452633,0.001054213,0,0.006386952,0,0,0,0.000999711,0.017356758,0.000435461,0.00015158,0.078922521,0.006319614,0,2.69E-05,0.001611047,0,7.65E-06,0.001060853,0,0.001181148,0,0.007233829,0.002076807,0.040659619,0.017374319,0.000209395,0,0,0,0,0,0,0,0,0,0
